"X";"Well";"WellType";"Replicate";"ThresholddRn";"CtdRn";"Quantitycopies";"RSqdRn";"SlopedRn";"qPCRno";"ProjectNm";"AssIDNo";"spcabbr";"pltno";"qpcrmach";"qpcrrundate";"replno";"smplno";"templvol";"Fixated";"bufferadded";"inctmp";"inctime";"Typesmpl";"templ.vol2";"smplno2";"col.06"
"1";1;"A1";"Standard";1;0.1427;24.92;30000;0.99;-3.432;"qPCR0896";"NorskFiskeeDNA";"AssID00";"Esoluc";"plate01";"mxpro";"qpcrrundate20210920 - Text Report Data";1;"3E4";"3uL";NA;NA;NA;NA;NA;3;"Standard";"#FF0000"
"2";2;"A2";"Standard";1;0.1427;25.01;30000;0.99;-3.432;"qPCR0896";"NorskFiskeeDNA";"AssID00";"Esoluc";"plate01";"mxpro";"qpcrrundate20210920 - Text Report Data";1;"3E4";"3uL";NA;NA;NA;NA;NA;3;"Standard";"#FF0000"
"3";3;"A3";"Standard";1;0.1427;25.06;30000;0.99;-3.432;"qPCR0896";"NorskFiskeeDNA";"AssID00";"Esoluc";"plate01";"mxpro";"qpcrrundate20210920 - Text Report Data";1;"3E4";"3uL";NA;NA;NA;NA;NA;3;"Standard";"#FF0000"
"4";4;"B1";"Standard";2;0.1427;28.75;3000;0.99;-3.432;"qPCR0896";"NorskFiskeeDNA";"AssID00";"Esoluc";"plate01";"mxpro";"qpcrrundate20210920 - Text Report Data";2;"3E3";"3uL";NA;NA;NA;NA;NA;3;"Standard";"#FF0000"
"5";5;"B2";"Standard";2;0.1427;28.84;3000;0.99;-3.432;"qPCR0896";"NorskFiskeeDNA";"AssID00";"Esoluc";"plate01";"mxpro";"qpcrrundate20210920 - Text Report Data";2;"3E3";"3uL";NA;NA;NA;NA;NA;3;"Standard";"#FF0000"
"6";6;"B3";"Standard";2;0.1427;28.43;3000;0.99;-3.432;"qPCR0896";"NorskFiskeeDNA";"AssID00";"Esoluc";"plate01";"mxpro";"qpcrrundate20210920 - Text Report Data";2;"3E3";"3uL";NA;NA;NA;NA;NA;3;"Standard";"#FF0000"
"7";7;"C1";"Standard";3;0.1427;31.82;300;0.99;-3.432;"qPCR0896";"NorskFiskeeDNA";"AssID00";"Esoluc";"plate01";"mxpro";"qpcrrundate20210920 - Text Report Data";3;"3E2";"3uL";NA;NA;NA;NA;NA;3;"Standard";"#FF0000"
"8";8;"C2";"Standard";3;0.1427;31.97;300;0.99;-3.432;"qPCR0896";"NorskFiskeeDNA";"AssID00";"Esoluc";"plate01";"mxpro";"qpcrrundate20210920 - Text Report Data";3;"3E2";"3uL";NA;NA;NA;NA;NA;3;"Standard";"#FF0000"
"9";9;"C3";"Standard";3;0.1427;32.04;300;0.99;-3.432;"qPCR0896";"NorskFiskeeDNA";"AssID00";"Esoluc";"plate01";"mxpro";"qpcrrundate20210920 - Text Report Data";3;"3E2";"3uL";NA;NA;NA;NA;NA;3;"Standard";"#FF0000"
"10";10;"D1";"Standard";4;0.1427;35.84;30;0.99;-3.432;"qPCR0896";"NorskFiskeeDNA";"AssID00";"Esoluc";"plate01";"mxpro";"qpcrrundate20210920 - Text Report Data";4;"3E1";"3uL";NA;NA;NA;NA;NA;3;"Standard";"#FF0000"
"11";11;"D2";"Standard";4;0.1427;35.87;30;0.99;-3.432;"qPCR0896";"NorskFiskeeDNA";"AssID00";"Esoluc";"plate01";"mxpro";"qpcrrundate20210920 - Text Report Data";4;"3E1";"3uL";NA;NA;NA;NA;NA;3;"Standard";"#FF0000"
"12";12;"D3";"Standard";4;0.1427;35.52;30;0.99;-3.432;"qPCR0896";"NorskFiskeeDNA";"AssID00";"Esoluc";"plate01";"mxpro";"qpcrrundate20210920 - Text Report Data";4;"3E1";"3uL";NA;NA;NA;NA;NA;3;"Standard";"#FF0000"
"13";13;"E1";"Standard";5;0.1427;37.47;3;0.99;-3.432;"qPCR0896";"NorskFiskeeDNA";"AssID00";"Esoluc";"plate01";"mxpro";"qpcrrundate20210920 - Text Report Data";5;"3E0";"3uL";NA;NA;NA;NA;NA;3;"Standard";"#FF0000"
"14";14;"E2";"Standard";5;0.1427;39.53;3;0.99;-3.432;"qPCR0896";"NorskFiskeeDNA";"AssID00";"Esoluc";"plate01";"mxpro";"qpcrrundate20210920 - Text Report Data";5;"3E0";"3uL";NA;NA;NA;NA;NA;3;"Standard";"#FF0000"
"15";15;"E3";"Standard";5;0.1427;NA;NA;0.99;-3.432;"qPCR0896";"NorskFiskeeDNA";"AssID00";"Esoluc";"plate01";"mxpro";"qpcrrundate20210920 - Text Report Data";5;"3E0";"3uL";NA;NA;NA;NA;NA;3;"Standard";"#FF0000"
"16";16;"F1";"Standard";6;0.1427;NA;NA;0.99;-3.432;"qPCR0896";"NorskFiskeeDNA";"AssID00";"Esoluc";"plate01";"mxpro";"qpcrrundate20210920 - Text Report Data";6;"3E-1";"3uL";NA;NA;NA;NA;NA;3;"Standard";"#FF0000"
"17";17;"F2";"Standard";6;0.1427;NA;NA;0.99;-3.432;"qPCR0896";"NorskFiskeeDNA";"AssID00";"Esoluc";"plate01";"mxpro";"qpcrrundate20210920 - Text Report Data";6;"3E-1";"3uL";NA;NA;NA;NA;NA;3;"Standard";"#FF0000"
"18";18;"F3";"Standard";6;0.1427;NA;NA;0.99;-3.432;"qPCR0896";"NorskFiskeeDNA";"AssID00";"Esoluc";"plate01";"mxpro";"qpcrrundate20210920 - Text Report Data";6;"3E-1";"3uL";NA;NA;NA;NA;NA;3;"Standard";"#FF0000"
"19";19;"G1";"Standard";7;0.1427;NA;NA;0.99;-3.432;"qPCR0896";"NorskFiskeeDNA";"AssID00";"Esoluc";"plate01";"mxpro";"qpcrrundate20210920 - Text Report Data";7;"3E-2";"3uL";NA;NA;NA;NA;NA;3;"Standard";"#FF0000"
"20";20;"G2";"Standard";7;0.1427;NA;NA;0.99;-3.432;"qPCR0896";"NorskFiskeeDNA";"AssID00";"Esoluc";"plate01";"mxpro";"qpcrrundate20210920 - Text Report Data";7;"3E-2";"3uL";NA;NA;NA;NA;NA;3;"Standard";"#FF0000"
"21";21;"G3";"Standard";7;0.1427;NA;NA;0.99;-3.432;"qPCR0896";"NorskFiskeeDNA";"AssID00";"Esoluc";"plate01";"mxpro";"qpcrrundate20210920 - Text Report Data";7;"3E-2";"3uL";NA;NA;NA;NA;NA;3;"Standard";"#FF0000"
"22";22;"H1";"NTC";8;0.1427;NA;NA;0.99;-3.432;"qPCR0896";"NorskFiskeeDNA";"AssID00";"Esoluc";"plate01";"mxpro";"qpcrrundate20210920 - Text Report Data";8;"NTC";"3uL";NA;NA;NA;NA;NA;3;"NTC";"#FF2300"
"23";23;"H2";"NTC";8;0.1427;NA;NA;0.99;-3.432;"qPCR0896";"NorskFiskeeDNA";"AssID00";"Esoluc";"plate01";"mxpro";"qpcrrundate20210920 - Text Report Data";8;"NTC";"3uL";NA;NA;NA;NA;NA;3;"NTC";"#FF2300"
"24";24;"H3";"NTC";8;0.1427;NA;NA;0.99;-3.432;"qPCR0896";"NorskFiskeeDNA";"AssID00";"Esoluc";"plate01";"mxpro";"qpcrrundate20210920 - Text Report Data";8;"NTC";"3uL";NA;NA;NA;NA;NA;3;"NTC";"#FF2300"
"25";25;"A4";"Unknown";9;0.1427;31.65;377.8;0.99;-3.432;"qPCR0896";"NorskFiskeeDNA";"AssID00";"Esoluc";"plate01";"mxpro";"qpcrrundate20210920 - Text Report Data";9;"FNE001";"3uL";"ATL";"add ATL as usual w heat incub";"56C";"4_hours";"Blank";3;"FNE001";"#00000000"
"26";26;"A5";"Unknown";9;0.1427;31.59;393.4;0.99;-3.432;"qPCR0896";"NorskFiskeeDNA";"AssID00";"Esoluc";"plate01";"mxpro";"qpcrrundate20210920 - Text Report Data";9;"FNE001";"3uL";"ATL";"add ATL as usual w heat incub";"56C";"4_hours";"Blank";3;"FNE001";"#00000000"
"27";27;"A6";"Unknown";9;0.1427;31.5;418.8;0.99;-3.432;"qPCR0896";"NorskFiskeeDNA";"AssID00";"Esoluc";"plate01";"mxpro";"qpcrrundate20210920 - Text Report Data";9;"FNE001";"3uL";"ATL";"add ATL as usual w heat incub";"56C";"4_hours";"Blank";3;"FNE001";"#00000000"
"28";28;"A7";"Unknown";9;0.1427;31.7;365.6;0.99;-3.432;"qPCR0896";"NorskFiskeeDNA";"AssID00";"Esoluc";"plate01";"mxpro";"qpcrrundate20210920 - Text Report Data";9;"FNE001";"3uL";"ATL";"add ATL as usual w heat incub";"56C";"4_hours";"Blank";3;"FNE001";"#00000000"
"29";29;"A8";"Unknown";9;0.1427;31.87;326.9;0.99;-3.432;"qPCR0896";"NorskFiskeeDNA";"AssID00";"Esoluc";"plate01";"mxpro";"qpcrrundate20210920 - Text Report Data";9;"FNE001";"3uL";"ATL";"add ATL as usual w heat incub";"56C";"4_hours";"Blank";3;"FNE001";"#00000000"
"30";30;"A9";"Unknown";9;0.1427;31.76;351.1;0.99;-3.432;"qPCR0896";"NorskFiskeeDNA";"AssID00";"Esoluc";"plate01";"mxpro";"qpcrrundate20210920 - Text Report Data";9;"FNE001";"3uL";"ATL";"add ATL as usual w heat incub";"56C";"4_hours";"Blank";3;"FNE001";"#00000000"
"31";31;"B4";"Unknown";10;0.1427;31.98;302.4;0.99;-3.432;"qPCR0896";"NorskFiskeeDNA";"AssID00";"Esoluc";"plate01";"mxpro";"qpcrrundate20210920 - Text Report Data";10;"FNE002";"3uL";"ATL";"add ATL as usual w heat incub";"56C";"4_hours";"Blank";3;"FNE002";"#FF6800"
"32";32;"B5";"Unknown";10;0.1427;32.07;286.1;0.99;-3.432;"qPCR0896";"NorskFiskeeDNA";"AssID00";"Esoluc";"plate01";"mxpro";"qpcrrundate20210920 - Text Report Data";10;"FNE002";"3uL";"ATL";"add ATL as usual w heat incub";"56C";"4_hours";"Blank";3;"FNE002";"#FF6800"
"33";33;"B6";"Unknown";10;0.1427;32.4;229.6;0.99;-3.432;"qPCR0896";"NorskFiskeeDNA";"AssID00";"Esoluc";"plate01";"mxpro";"qpcrrundate20210920 - Text Report Data";10;"FNE002";"3uL";"ATL";"add ATL as usual w heat incub";"56C";"4_hours";"Blank";3;"FNE002";"#FF6800"
"34";34;"B7";"Unknown";10;0.1427;32.26;251.3;0.99;-3.432;"qPCR0896";"NorskFiskeeDNA";"AssID00";"Esoluc";"plate01";"mxpro";"qpcrrundate20210920 - Text Report Data";10;"FNE002";"3uL";"ATL";"add ATL as usual w heat incub";"56C";"4_hours";"Blank";3;"FNE002";"#FF6800"
"35";35;"B8";"Unknown";10;0.1427;32.12;275.6;0.99;-3.432;"qPCR0896";"NorskFiskeeDNA";"AssID00";"Esoluc";"plate01";"mxpro";"qpcrrundate20210920 - Text Report Data";10;"FNE002";"3uL";"ATL";"add ATL as usual w heat incub";"56C";"4_hours";"Blank";3;"FNE002";"#FF6800"
"36";36;"B9";"Unknown";10;0.1427;32.07;286.1;0.99;-3.432;"qPCR0896";"NorskFiskeeDNA";"AssID00";"Esoluc";"plate01";"mxpro";"qpcrrundate20210920 - Text Report Data";10;"FNE002";"3uL";"ATL";"add ATL as usual w heat incub";"56C";"4_hours";"Blank";3;"FNE002";"#FF6800"
"37";37;"C4";"Unknown";11;0.1427;32.05;289.9;0.99;-3.432;"qPCR0896";"NorskFiskeeDNA";"AssID00";"Esoluc";"plate01";"mxpro";"qpcrrundate20210920 - Text Report Data";11;"FNE003";"3uL";"ATL";"add ATL as usual w heat incub";"56C";"4_hours";"Blank";3;"FNE003";"#FF8B00"
"38";38;"C5";"Unknown";11;0.1427;32.19;264.4;0.99;-3.432;"qPCR0896";"NorskFiskeeDNA";"AssID00";"Esoluc";"plate01";"mxpro";"qpcrrundate20210920 - Text Report Data";11;"FNE003";"3uL";"ATL";"add ATL as usual w heat incub";"56C";"4_hours";"Blank";3;"FNE003";"#FF8B00"
"39";39;"C6";"Unknown";11;0.1427;32.09;282.6;0.99;-3.432;"qPCR0896";"NorskFiskeeDNA";"AssID00";"Esoluc";"plate01";"mxpro";"qpcrrundate20210920 - Text Report Data";11;"FNE003";"3uL";"ATL";"add ATL as usual w heat incub";"56C";"4_hours";"Blank";3;"FNE003";"#FF8B00"
"40";40;"C7";"Unknown";11;0.1427;31.86;328.8;0.99;-3.432;"qPCR0896";"NorskFiskeeDNA";"AssID00";"Esoluc";"plate01";"mxpro";"qpcrrundate20210920 - Text Report Data";11;"FNE003";"3uL";"ATL";"add ATL as usual w heat incub";"56C";"4_hours";"Blank";3;"FNE003";"#FF8B00"
"41";41;"C8";"Unknown";11;0.1427;32.07;284.7;0.99;-3.432;"qPCR0896";"NorskFiskeeDNA";"AssID00";"Esoluc";"plate01";"mxpro";"qpcrrundate20210920 - Text Report Data";11;"FNE003";"3uL";"ATL";"add ATL as usual w heat incub";"56C";"4_hours";"Blank";3;"FNE003";"#FF8B00"
"42";42;"C9";"Unknown";11;0.1427;32.21;259.6;0.99;-3.432;"qPCR0896";"NorskFiskeeDNA";"AssID00";"Esoluc";"plate01";"mxpro";"qpcrrundate20210920 - Text Report Data";11;"FNE003";"3uL";"ATL";"add ATL as usual w heat incub";"56C";"4_hours";"Blank";3;"FNE003";"#FF8B00"
"43";43;"D4";"Unknown";12;0.1427;19.85;1040000;0.99;-3.432;"qPCR0896";"NorskFiskeeDNA";"AssID00";"Esoluc";"plate01";"mxpro";"qpcrrundate20210920 - Text Report Data";12;"FNE004";"3uL";"ATL";"add ATL as usual w heat incub";"56C";"4_hours";"Boette - konsentrat";3;"FNE004";"#FFAE00"
"44";44;"D5";"Unknown";12;0.1427;19.84;1048000;0.99;-3.432;"qPCR0896";"NorskFiskeeDNA";"AssID00";"Esoluc";"plate01";"mxpro";"qpcrrundate20210920 - Text Report Data";12;"FNE004";"3uL";"ATL";"add ATL as usual w heat incub";"56C";"4_hours";"Boette - konsentrat";3;"FNE004";"#FFAE00"
"45";45;"D6";"Unknown";12;0.1427;19.99;945300;0.99;-3.432;"qPCR0896";"NorskFiskeeDNA";"AssID00";"Esoluc";"plate01";"mxpro";"qpcrrundate20210920 - Text Report Data";12;"FNE004";"3uL";"ATL";"add ATL as usual w heat incub";"56C";"4_hours";"Boette - konsentrat";3;"FNE004";"#FFAE00"
"46";46;"D7";"Unknown";12;0.1427;19.99;945100;0.99;-3.432;"qPCR0896";"NorskFiskeeDNA";"AssID00";"Esoluc";"plate01";"mxpro";"qpcrrundate20210920 - Text Report Data";12;"FNE004";"3uL";"ATL";"add ATL as usual w heat incub";"56C";"4_hours";"Boette - konsentrat";3;"FNE004";"#FFAE00"
"47";47;"D8";"Unknown";12;0.1427;19.83;1051000;0.99;-3.432;"qPCR0896";"NorskFiskeeDNA";"AssID00";"Esoluc";"plate01";"mxpro";"qpcrrundate20210920 - Text Report Data";12;"FNE004";"3uL";"ATL";"add ATL as usual w heat incub";"56C";"4_hours";"Boette - konsentrat";3;"FNE004";"#FFAE00"
"48";48;"D9";"Unknown";12;0.1427;19.7;1152000;0.99;-3.432;"qPCR0896";"NorskFiskeeDNA";"AssID00";"Esoluc";"plate01";"mxpro";"qpcrrundate20210920 - Text Report Data";12;"FNE004";"3uL";"ATL";"add ATL as usual w heat incub";"56C";"4_hours";"Boette - konsentrat";3;"FNE004";"#FFAE00"
"49";49;"E4";"Unknown";13;0.1427;19.52;1296000;0.99;-3.432;"qPCR0896";"NorskFiskeeDNA";"AssID00";"Esoluc";"plate01";"mxpro";"qpcrrundate20210920 - Text Report Data";13;"FNE005";"3uL";"ATL";"add ATL as usual w heat incub";"56C";"4_hours";"Boette - konsentrat";3;"FNE005";"#FFD100"
"50";50;"E5";"Unknown";13;0.1427;19.57;1253000;0.99;-3.432;"qPCR0896";"NorskFiskeeDNA";"AssID00";"Esoluc";"plate01";"mxpro";"qpcrrundate20210920 - Text Report Data";13;"FNE005";"3uL";"ATL";"add ATL as usual w heat incub";"56C";"4_hours";"Boette - konsentrat";3;"FNE005";"#FFD100"
"51";51;"E6";"Unknown";13;0.1427;19.67;1174000;0.99;-3.432;"qPCR0896";"NorskFiskeeDNA";"AssID00";"Esoluc";"plate01";"mxpro";"qpcrrundate20210920 - Text Report Data";13;"FNE005";"3uL";"ATL";"add ATL as usual w heat incub";"56C";"4_hours";"Boette - konsentrat";3;"FNE005";"#FFD100"
"52";52;"E7";"Unknown";13;0.1427;19.54;1276000;0.99;-3.432;"qPCR0896";"NorskFiskeeDNA";"AssID00";"Esoluc";"plate01";"mxpro";"qpcrrundate20210920 - Text Report Data";13;"FNE005";"3uL";"ATL";"add ATL as usual w heat incub";"56C";"4_hours";"Boette - konsentrat";3;"FNE005";"#FFD100"
"53";53;"E8";"Unknown";13;0.1427;19.57;1251000;0.99;-3.432;"qPCR0896";"NorskFiskeeDNA";"AssID00";"Esoluc";"plate01";"mxpro";"qpcrrundate20210920 - Text Report Data";13;"FNE005";"3uL";"ATL";"add ATL as usual w heat incub";"56C";"4_hours";"Boette - konsentrat";3;"FNE005";"#FFD100"
"54";54;"E9";"Unknown";13;0.1427;19.52;1297000;0.99;-3.432;"qPCR0896";"NorskFiskeeDNA";"AssID00";"Esoluc";"plate01";"mxpro";"qpcrrundate20210920 - Text Report Data";13;"FNE005";"3uL";"ATL";"add ATL as usual w heat incub";"56C";"4_hours";"Boette - konsentrat";3;"FNE005";"#FFD100"
"55";55;"F4";"Unknown";14;0.1427;19.77;1100000;0.99;-3.432;"qPCR0896";"NorskFiskeeDNA";"AssID00";"Esoluc";"plate01";"mxpro";"qpcrrundate20210920 - Text Report Data";14;"FNE006";"3uL";"ATL";"add ATL as usual w heat incub";"56C";"4_hours";"Boette - konsentrat";3;"FNE006";"#FFF300"
"56";56;"F5";"Unknown";14;0.1427;19.76;1100000;0.99;-3.432;"qPCR0896";"NorskFiskeeDNA";"AssID00";"Esoluc";"plate01";"mxpro";"qpcrrundate20210920 - Text Report Data";14;"FNE006";"3uL";"ATL";"add ATL as usual w heat incub";"56C";"4_hours";"Boette - konsentrat";3;"FNE006";"#FFF300"
"57";57;"F6";"Unknown";14;0.1427;19.87;1029000;0.99;-3.432;"qPCR0896";"NorskFiskeeDNA";"AssID00";"Esoluc";"plate01";"mxpro";"qpcrrundate20210920 - Text Report Data";14;"FNE006";"3uL";"ATL";"add ATL as usual w heat incub";"56C";"4_hours";"Boette - konsentrat";3;"FNE006";"#FFF300"
"58";58;"F7";"Unknown";14;0.1427;19.88;1020000;0.99;-3.432;"qPCR0896";"NorskFiskeeDNA";"AssID00";"Esoluc";"plate01";"mxpro";"qpcrrundate20210920 - Text Report Data";14;"FNE006";"3uL";"ATL";"add ATL as usual w heat incub";"56C";"4_hours";"Boette - konsentrat";3;"FNE006";"#FFF300"
"59";59;"F8";"Unknown";14;0.1427;19.83;1050000;0.99;-3.432;"qPCR0896";"NorskFiskeeDNA";"AssID00";"Esoluc";"plate01";"mxpro";"qpcrrundate20210920 - Text Report Data";14;"FNE006";"3uL";"ATL";"add ATL as usual w heat incub";"56C";"4_hours";"Boette - konsentrat";3;"FNE006";"#FFF300"
"60";60;"F9";"Unknown";14;0.1427;19.73;1123000;0.99;-3.432;"qPCR0896";"NorskFiskeeDNA";"AssID00";"Esoluc";"plate01";"mxpro";"qpcrrundate20210920 - Text Report Data";14;"FNE006";"3uL";"ATL";"add ATL as usual w heat incub";"56C";"4_hours";"Boette - konsentrat";3;"FNE006";"#FFF300"
"61";61;"G4";"Unknown";15;0.1427;NA;NA;0.99;-3.432;"qPCR0896";"NorskFiskeeDNA";"AssID00";"Esoluc";"plate01";"mxpro";"qpcrrundate20210920 - Text Report Data";15;"FNE007";"3uL";"ATL";"add ATL no heat incub";"22C";"4_hours";"Boette - konsentrat";3;"FNE007";"#E8FF00"
"62";62;"G5";"Unknown";15;0.1427;NA;NA;0.99;-3.432;"qPCR0896";"NorskFiskeeDNA";"AssID00";"Esoluc";"plate01";"mxpro";"qpcrrundate20210920 - Text Report Data";15;"FNE007";"3uL";"ATL";"add ATL no heat incub";"22C";"4_hours";"Boette - konsentrat";3;"FNE007";"#E8FF00"
"63";63;"G6";"Unknown";15;0.1427;NA;NA;0.99;-3.432;"qPCR0896";"NorskFiskeeDNA";"AssID00";"Esoluc";"plate01";"mxpro";"qpcrrundate20210920 - Text Report Data";15;"FNE007";"3uL";"ATL";"add ATL no heat incub";"22C";"4_hours";"Boette - konsentrat";3;"FNE007";"#E8FF00"
"64";64;"G7";"Unknown";15;0.1427;NA;NA;0.99;-3.432;"qPCR0896";"NorskFiskeeDNA";"AssID00";"Esoluc";"plate01";"mxpro";"qpcrrundate20210920 - Text Report Data";15;"FNE007";"3uL";"ATL";"add ATL no heat incub";"22C";"4_hours";"Boette - konsentrat";3;"FNE007";"#E8FF00"
"65";65;"G8";"Unknown";15;0.1427;NA;NA;0.99;-3.432;"qPCR0896";"NorskFiskeeDNA";"AssID00";"Esoluc";"plate01";"mxpro";"qpcrrundate20210920 - Text Report Data";15;"FNE007";"3uL";"ATL";"add ATL no heat incub";"22C";"4_hours";"Boette - konsentrat";3;"FNE007";"#E8FF00"
"66";66;"G9";"Unknown";15;0.1427;NA;NA;0.99;-3.432;"qPCR0896";"NorskFiskeeDNA";"AssID00";"Esoluc";"plate01";"mxpro";"qpcrrundate20210920 - Text Report Data";15;"FNE007";"3uL";"ATL";"add ATL no heat incub";"22C";"4_hours";"Boette - konsentrat";3;"FNE007";"#E8FF00"
"67";67;"H4";"Unknown";16;0.1427;NA;NA;0.99;-3.432;"qPCR0896";"NorskFiskeeDNA";"AssID00";"Esoluc";"plate01";"mxpro";"qpcrrundate20210920 - Text Report Data";16;"FNE008";"3uL";"ATL";"add ATL no heat incub";"22C";"4_hours";"Boette - konsentrat";3;"FNE008";"#C5FF00"
"68";68;"H5";"Unknown";16;0.1427;NA;NA;0.99;-3.432;"qPCR0896";"NorskFiskeeDNA";"AssID00";"Esoluc";"plate01";"mxpro";"qpcrrundate20210920 - Text Report Data";16;"FNE008";"3uL";"ATL";"add ATL no heat incub";"22C";"4_hours";"Boette - konsentrat";3;"FNE008";"#C5FF00"
"69";69;"H6";"Unknown";16;0.1427;NA;NA;0.99;-3.432;"qPCR0896";"NorskFiskeeDNA";"AssID00";"Esoluc";"plate01";"mxpro";"qpcrrundate20210920 - Text Report Data";16;"FNE008";"3uL";"ATL";"add ATL no heat incub";"22C";"4_hours";"Boette - konsentrat";3;"FNE008";"#C5FF00"
"70";70;"H7";"Unknown";16;0.1427;NA;NA;0.99;-3.432;"qPCR0896";"NorskFiskeeDNA";"AssID00";"Esoluc";"plate01";"mxpro";"qpcrrundate20210920 - Text Report Data";16;"FNE008";"3uL";"ATL";"add ATL no heat incub";"22C";"4_hours";"Boette - konsentrat";3;"FNE008";"#C5FF00"
"71";71;"H8";"Unknown";16;0.1427;NA;NA;0.99;-3.432;"qPCR0896";"NorskFiskeeDNA";"AssID00";"Esoluc";"plate01";"mxpro";"qpcrrundate20210920 - Text Report Data";16;"FNE008";"3uL";"ATL";"add ATL no heat incub";"22C";"4_hours";"Boette - konsentrat";3;"FNE008";"#C5FF00"
"72";72;"H9";"Unknown";16;0.1427;NA;NA;0.99;-3.432;"qPCR0896";"NorskFiskeeDNA";"AssID00";"Esoluc";"plate01";"mxpro";"qpcrrundate20210920 - Text Report Data";16;"FNE008";"3uL";"ATL";"add ATL no heat incub";"22C";"4_hours";"Boette - konsentrat";3;"FNE008";"#C5FF00"
"73";73;"A10";"Unknown";17;0.1427;NA;NA;0.99;-3.432;"qPCR0896";"NorskFiskeeDNA";"AssID00";"Esoluc";"plate01";"mxpro";"qpcrrundate20210920 - Text Report Data";17;"FNE009";"3uL";"ATL";"add ATL no heat incub";"22C";"4_hours";"Boette - konsentrat";3;"FNE009";"#A2FF00"
"74";74;"A11";"Unknown";17;0.1427;NA;NA;0.99;-3.432;"qPCR0896";"NorskFiskeeDNA";"AssID00";"Esoluc";"plate01";"mxpro";"qpcrrundate20210920 - Text Report Data";17;"FNE009";"3uL";"ATL";"add ATL no heat incub";"22C";"4_hours";"Boette - konsentrat";3;"FNE009";"#A2FF00"
"75";75;"A12";"Unknown";17;0.1427;NA;NA;0.99;-3.432;"qPCR0896";"NorskFiskeeDNA";"AssID00";"Esoluc";"plate01";"mxpro";"qpcrrundate20210920 - Text Report Data";17;"FNE009";"3uL";"ATL";"add ATL no heat incub";"22C";"4_hours";"Boette - konsentrat";3;"FNE009";"#A2FF00"
"76";76;"B10";"Unknown";18;0.1427;40.67;0.8923;0.99;-3.432;"qPCR0896";"NorskFiskeeDNA";"AssID00";"Esoluc";"plate01";"mxpro";"qpcrrundate20210920 - Text Report Data";18;"FNE010";"3uL";"0.5 RNA";"1.0 mL RNAgem";"75C";"15_minutes";"Boette - konsentrat";3;"FNE010";"#80FF00"
"77";77;"B11";"Unknown";18;0.1427;NA;NA;0.99;-3.432;"qPCR0896";"NorskFiskeeDNA";"AssID00";"Esoluc";"plate01";"mxpro";"qpcrrundate20210920 - Text Report Data";18;"FNE010";"3uL";"0.5 RNA";"1.0 mL RNAgem";"75C";"15_minutes";"Boette - konsentrat";3;"FNE010";"#80FF00"
"78";78;"B12";"Unknown";18;0.1427;39.47;1.99;0.99;-3.432;"qPCR0896";"NorskFiskeeDNA";"AssID00";"Esoluc";"plate01";"mxpro";"qpcrrundate20210920 - Text Report Data";18;"FNE010";"3uL";"0.5 RNA";"1.0 mL RNAgem";"75C";"15_minutes";"Boette - konsentrat";3;"FNE010";"#80FF00"
"79";79;"C10";"Unknown";19;0.1427;NA;NA;0.99;-3.432;"qPCR0896";"NorskFiskeeDNA";"AssID00";"Esoluc";"plate01";"mxpro";"qpcrrundate20210920 - Text Report Data";19;"FNE011";"3uL";"0.5 RNA";"1.0 mL RNAgem";"75C";"15_minutes";"Boette - konsentrat";3;"FNE011";"#5DFF00"
"80";80;"C11";"Unknown";19;0.1427;NA;NA;0.99;-3.432;"qPCR0896";"NorskFiskeeDNA";"AssID00";"Esoluc";"plate01";"mxpro";"qpcrrundate20210920 - Text Report Data";19;"FNE011";"3uL";"0.5 RNA";"1.0 mL RNAgem";"75C";"15_minutes";"Boette - konsentrat";3;"FNE011";"#5DFF00"
"81";81;"C12";"Unknown";19;0.1427;NA;NA;0.99;-3.432;"qPCR0896";"NorskFiskeeDNA";"AssID00";"Esoluc";"plate01";"mxpro";"qpcrrundate20210920 - Text Report Data";19;"FNE011";"3uL";"0.5 RNA";"1.0 mL RNAgem";"75C";"15_minutes";"Boette - konsentrat";3;"FNE011";"#5DFF00"
"82";82;"D10";"Unknown";20;0.1427;NA;NA;0.99;-3.432;"qPCR0896";"NorskFiskeeDNA";"AssID00";"Esoluc";"plate01";"mxpro";"qpcrrundate20210920 - Text Report Data";20;"FNE012";"3uL";"0.5 RNA";"1.0 mL RNAgem";"75C";"15_minutes";"Boette - konsentrat";3;"FNE012";"#3AFF00"
"83";83;"D11";"Unknown";20;0.1427;39.34;2.18;0.99;-3.432;"qPCR0896";"NorskFiskeeDNA";"AssID00";"Esoluc";"plate01";"mxpro";"qpcrrundate20210920 - Text Report Data";20;"FNE012";"3uL";"0.5 RNA";"1.0 mL RNAgem";"75C";"15_minutes";"Boette - konsentrat";3;"FNE012";"#3AFF00"
"84";84;"D12";"Unknown";20;0.1427;NA;NA;0.99;-3.432;"qPCR0896";"NorskFiskeeDNA";"AssID00";"Esoluc";"plate01";"mxpro";"qpcrrundate20210920 - Text Report Data";20;"FNE012";"3uL";"0.5 RNA";"1.0 mL RNAgem";"75C";"15_minutes";"Boette - konsentrat";3;"FNE012";"#3AFF00"
"85";85;"E10";"Unknown";21;0.1427;NA;NA;0.99;-3.432;"qPCR0896";"NorskFiskeeDNA";"AssID00";"Esoluc";"plate01";"mxpro";"qpcrrundate20210920 - Text Report Data";21;"FNE013";"3uL";"1.0 RNA";"0.5 mL RNAgem";"75C";"15_minutes";"Boette - konsentrat";3;"FNE013";"#17FF00"
"86";86;"E11";"Unknown";21;0.1427;40.13;1.28;0.99;-3.432;"qPCR0896";"NorskFiskeeDNA";"AssID00";"Esoluc";"plate01";"mxpro";"qpcrrundate20210920 - Text Report Data";21;"FNE013";"3uL";"1.0 RNA";"0.5 mL RNAgem";"75C";"15_minutes";"Boette - konsentrat";3;"FNE013";"#17FF00"
"87";87;"E12";"Unknown";21;0.1427;NA;NA;0.99;-3.432;"qPCR0896";"NorskFiskeeDNA";"AssID00";"Esoluc";"plate01";"mxpro";"qpcrrundate20210920 - Text Report Data";21;"FNE013";"3uL";"1.0 RNA";"0.5 mL RNAgem";"75C";"15_minutes";"Boette - konsentrat";3;"FNE013";"#17FF00"
"88";88;"F10";"Unknown";22;0.1427;40.4;1.07;0.99;-3.432;"qPCR0896";"NorskFiskeeDNA";"AssID00";"Esoluc";"plate01";"mxpro";"qpcrrundate20210920 - Text Report Data";22;"FNE014";"3uL";"1.0 RNA";"0.5 mL RNAgem";"75C";"15_minutes";"Boette - konsentrat";3;"FNE014";"#00FF0C"
"89";89;"F11";"Unknown";22;0.1427;NA;NA;0.99;-3.432;"qPCR0896";"NorskFiskeeDNA";"AssID00";"Esoluc";"plate01";"mxpro";"qpcrrundate20210920 - Text Report Data";22;"FNE014";"3uL";"1.0 RNA";"0.5 mL RNAgem";"75C";"15_minutes";"Boette - konsentrat";3;"FNE014";"#00FF0C"
"90";90;"F12";"Unknown";22;0.1427;NA;NA;0.99;-3.432;"qPCR0896";"NorskFiskeeDNA";"AssID00";"Esoluc";"plate01";"mxpro";"qpcrrundate20210920 - Text Report Data";22;"FNE014";"3uL";"1.0 RNA";"0.5 mL RNAgem";"75C";"15_minutes";"Boette - konsentrat";3;"FNE014";"#00FF0C"
"91";91;"G10";"Unknown";23;0.1427;39.17;2.43;0.99;-3.432;"qPCR0896";"NorskFiskeeDNA";"AssID00";"Esoluc";"plate01";"mxpro";"qpcrrundate20210920 - Text Report Data";23;"FNE015";"3uL";"1.0 RNA";"0.5 mL RNAgem";"75C";"15_minutes";"Boette - konsentrat";3;"FNE015";"#00FF2E"
"92";92;"G11";"Unknown";23;0.1427;38.3;4.36;0.99;-3.432;"qPCR0896";"NorskFiskeeDNA";"AssID00";"Esoluc";"plate01";"mxpro";"qpcrrundate20210920 - Text Report Data";23;"FNE015";"3uL";"1.0 RNA";"0.5 mL RNAgem";"75C";"15_minutes";"Boette - konsentrat";3;"FNE015";"#00FF2E"
"93";93;"G12";"Unknown";23;0.1427;38.65;3.46;0.99;-3.432;"qPCR0896";"NorskFiskeeDNA";"AssID00";"Esoluc";"plate01";"mxpro";"qpcrrundate20210920 - Text Report Data";23;"FNE015";"3uL";"1.0 RNA";"0.5 mL RNAgem";"75C";"15_minutes";"Boette - konsentrat";3;"FNE015";"#00FF2E"
"94";94;"H10";"Unknown";24;0.1427;23.47;91520;0.99;-3.432;"qPCR0896";"NorskFiskeeDNA";"AssID00";"Esoluc";"plate01";"mxpro";"qpcrrundate20210920 - Text Report Data";24;"FNE016";"3uL";"ATL";"add ATL as usual w heat incub";"56C";"4_hours";"1/100";3;"FNE016";"#00FF51"
"95";95;"H11";"Unknown";24;0.1427;23.67;80020;0.99;-3.432;"qPCR0896";"NorskFiskeeDNA";"AssID00";"Esoluc";"plate01";"mxpro";"qpcrrundate20210920 - Text Report Data";24;"FNE016";"3uL";"ATL";"add ATL as usual w heat incub";"56C";"4_hours";"1/100";3;"FNE016";"#00FF51"
"96";96;"H12";"Unknown";24;0.1427;23.75;76130;0.99;-3.432;"qPCR0896";"NorskFiskeeDNA";"AssID00";"Esoluc";"plate01";"mxpro";"qpcrrundate20210920 - Text Report Data";24;"FNE016";"3uL";"ATL";"add ATL as usual w heat incub";"56C";"4_hours";"1/100";3;"FNE016";"#00FF51"
"97";1;"A1";"Standard";1;0.2167;25.82;30000;0.996;-3.585;"qPCR0897";"NorskFiskeeDNA";"AssID00";"Esoluc";"plate02";"mxpro";"qpcrrundate20210920 - Text Report Data";1;"3E4";"3uL";NA;NA;NA;NA;NA;3;"Standard";"#FF0000"
"98";2;"A2";"Standard";1;0.2167;25.95;30000;0.996;-3.585;"qPCR0897";"NorskFiskeeDNA";"AssID00";"Esoluc";"plate02";"mxpro";"qpcrrundate20210920 - Text Report Data";1;"3E4";"3uL";NA;NA;NA;NA;NA;3;"Standard";"#FF0000"
"99";3;"A3";"Standard";1;0.2167;25.77;30000;0.996;-3.585;"qPCR0897";"NorskFiskeeDNA";"AssID00";"Esoluc";"plate02";"mxpro";"qpcrrundate20210920 - Text Report Data";1;"3E4";"3uL";NA;NA;NA;NA;NA;3;"Standard";"#FF0000"
"100";4;"B1";"Standard";2;0.2167;29.74;3000;0.996;-3.585;"qPCR0897";"NorskFiskeeDNA";"AssID00";"Esoluc";"plate02";"mxpro";"qpcrrundate20210920 - Text Report Data";2;"3E3";"3uL";NA;NA;NA;NA;NA;3;"Standard";"#FF0000"
"101";5;"B2";"Standard";2;0.2167;29.67;3000;0.996;-3.585;"qPCR0897";"NorskFiskeeDNA";"AssID00";"Esoluc";"plate02";"mxpro";"qpcrrundate20210920 - Text Report Data";2;"3E3";"3uL";NA;NA;NA;NA;NA;3;"Standard";"#FF0000"
"102";6;"B3";"Standard";2;0.2167;29.47;3000;0.996;-3.585;"qPCR0897";"NorskFiskeeDNA";"AssID00";"Esoluc";"plate02";"mxpro";"qpcrrundate20210920 - Text Report Data";2;"3E3";"3uL";NA;NA;NA;NA;NA;3;"Standard";"#FF0000"
"103";7;"C1";"Standard";3;0.2167;32.78;300;0.996;-3.585;"qPCR0897";"NorskFiskeeDNA";"AssID00";"Esoluc";"plate02";"mxpro";"qpcrrundate20210920 - Text Report Data";3;"3E2";"3uL";NA;NA;NA;NA;NA;3;"Standard";"#FF0000"
"104";8;"C2";"Standard";3;0.2167;32.97;300;0.996;-3.585;"qPCR0897";"NorskFiskeeDNA";"AssID00";"Esoluc";"plate02";"mxpro";"qpcrrundate20210920 - Text Report Data";3;"3E2";"3uL";NA;NA;NA;NA;NA;3;"Standard";"#FF0000"
"105";9;"C3";"Standard";3;0.2167;32.95;300;0.996;-3.585;"qPCR0897";"NorskFiskeeDNA";"AssID00";"Esoluc";"plate02";"mxpro";"qpcrrundate20210920 - Text Report Data";3;"3E2";"3uL";NA;NA;NA;NA;NA;3;"Standard";"#FF0000"
"106";10;"D1";"Standard";4;0.2167;36.87;30;0.996;-3.585;"qPCR0897";"NorskFiskeeDNA";"AssID00";"Esoluc";"plate02";"mxpro";"qpcrrundate20210920 - Text Report Data";4;"3E1";"3uL";NA;NA;NA;NA;NA;3;"Standard";"#FF0000"
"107";11;"D2";"Standard";4;0.2167;36.28;30;0.996;-3.585;"qPCR0897";"NorskFiskeeDNA";"AssID00";"Esoluc";"plate02";"mxpro";"qpcrrundate20210920 - Text Report Data";4;"3E1";"3uL";NA;NA;NA;NA;NA;3;"Standard";"#FF0000"
"108";12;"D3";"Standard";4;0.2167;36.54;30;0.996;-3.585;"qPCR0897";"NorskFiskeeDNA";"AssID00";"Esoluc";"plate02";"mxpro";"qpcrrundate20210920 - Text Report Data";4;"3E1";"3uL";NA;NA;NA;NA;NA;3;"Standard";"#FF0000"
"109";13;"E1";"Standard";5;0.2167;39.66;3;0.996;-3.585;"qPCR0897";"NorskFiskeeDNA";"AssID00";"Esoluc";"plate02";"mxpro";"qpcrrundate20210920 - Text Report Data";5;"3E0";"3uL";NA;NA;NA;NA;NA;3;"Standard";"#FF0000"
"110";14;"E2";"Standard";5;0.2167;41.04;3;0.996;-3.585;"qPCR0897";"NorskFiskeeDNA";"AssID00";"Esoluc";"plate02";"mxpro";"qpcrrundate20210920 - Text Report Data";5;"3E0";"3uL";NA;NA;NA;NA;NA;3;"Standard";"#FF0000"
"111";15;"E3";"Standard";5;0.2167;NA;NA;0.996;-3.585;"qPCR0897";"NorskFiskeeDNA";"AssID00";"Esoluc";"plate02";"mxpro";"qpcrrundate20210920 - Text Report Data";5;"3E0";"3uL";NA;NA;NA;NA;NA;3;"Standard";"#FF0000"
"112";16;"F1";"Standard";6;0.2167;NA;NA;0.996;-3.585;"qPCR0897";"NorskFiskeeDNA";"AssID00";"Esoluc";"plate02";"mxpro";"qpcrrundate20210920 - Text Report Data";6;"3E-1";"3uL";NA;NA;NA;NA;NA;3;"Standard";"#FF0000"
"113";17;"F2";"Standard";6;0.2167;NA;NA;0.996;-3.585;"qPCR0897";"NorskFiskeeDNA";"AssID00";"Esoluc";"plate02";"mxpro";"qpcrrundate20210920 - Text Report Data";6;"3E-1";"3uL";NA;NA;NA;NA;NA;3;"Standard";"#FF0000"
"114";18;"F3";"Standard";6;0.2167;NA;NA;0.996;-3.585;"qPCR0897";"NorskFiskeeDNA";"AssID00";"Esoluc";"plate02";"mxpro";"qpcrrundate20210920 - Text Report Data";6;"3E-1";"3uL";NA;NA;NA;NA;NA;3;"Standard";"#FF0000"
"115";19;"G1";"Standard";7;0.2167;NA;NA;0.996;-3.585;"qPCR0897";"NorskFiskeeDNA";"AssID00";"Esoluc";"plate02";"mxpro";"qpcrrundate20210920 - Text Report Data";7;"3E-2";"3uL";NA;NA;NA;NA;NA;3;"Standard";"#FF0000"
"116";20;"G2";"Standard";7;0.2167;NA;NA;0.996;-3.585;"qPCR0897";"NorskFiskeeDNA";"AssID00";"Esoluc";"plate02";"mxpro";"qpcrrundate20210920 - Text Report Data";7;"3E-2";"3uL";NA;NA;NA;NA;NA;3;"Standard";"#FF0000"
"117";21;"G3";"Standard";7;0.2167;NA;NA;0.996;-3.585;"qPCR0897";"NorskFiskeeDNA";"AssID00";"Esoluc";"plate02";"mxpro";"qpcrrundate20210920 - Text Report Data";7;"3E-2";"3uL";NA;NA;NA;NA;NA;3;"Standard";"#FF0000"
"118";22;"H1";"NTC";8;0.2167;NA;NA;0.996;-3.585;"qPCR0897";"NorskFiskeeDNA";"AssID00";"Esoluc";"plate02";"mxpro";"qpcrrundate20210920 - Text Report Data";8;"NTC";"3uL";NA;NA;NA;NA;NA;3;"NTC";"#FF2300"
"119";23;"H2";"NTC";8;0.2167;NA;NA;0.996;-3.585;"qPCR0897";"NorskFiskeeDNA";"AssID00";"Esoluc";"plate02";"mxpro";"qpcrrundate20210920 - Text Report Data";8;"NTC";"3uL";NA;NA;NA;NA;NA;3;"NTC";"#FF2300"
"120";24;"H3";"NTC";8;0.2167;NA;NA;0.996;-3.585;"qPCR0897";"NorskFiskeeDNA";"AssID00";"Esoluc";"plate02";"mxpro";"qpcrrundate20210920 - Text Report Data";8;"NTC";"3uL";NA;NA;NA;NA;NA;3;"NTC";"#FF2300"
"121";25;"A4";"Unknown";9;0.2167;NA;NA;0.996;-3.585;"qPCR0897";"NorskFiskeeDNA";"AssID00";"Esoluc";"plate02";"mxpro";"qpcrrundate20210920 - Text Report Data";9;"FNE009";"3uL";"ATL";"add ATL no heat incub";"22C";"4_hours";"Boette - konsentrat";3;"FNE009";"#A2FF00"
"122";26;"A5";"Unknown";9;0.2167;NA;NA;0.996;-3.585;"qPCR0897";"NorskFiskeeDNA";"AssID00";"Esoluc";"plate02";"mxpro";"qpcrrundate20210920 - Text Report Data";9;"FNE009";"3uL";"ATL";"add ATL no heat incub";"22C";"4_hours";"Boette - konsentrat";3;"FNE009";"#A2FF00"
"123";27;"A6";"Unknown";9;0.2167;NA;NA;0.996;-3.585;"qPCR0897";"NorskFiskeeDNA";"AssID00";"Esoluc";"plate02";"mxpro";"qpcrrundate20210920 - Text Report Data";9;"FNE009";"3uL";"ATL";"add ATL no heat incub";"22C";"4_hours";"Boette - konsentrat";3;"FNE009";"#A2FF00"
"124";28;"B4";"Unknown";10;0.2167;NA;NA;0.996;-3.585;"qPCR0897";"NorskFiskeeDNA";"AssID00";"Esoluc";"plate02";"mxpro";"qpcrrundate20210920 - Text Report Data";10;"FNE010";"3uL";"0.5 RNA";"1.0 mL RNAgem";"75C";"15_minutes";"Boette - konsentrat";3;"FNE010";"#80FF00"
"125";29;"B5";"Unknown";10;0.2167;NA;NA;0.996;-3.585;"qPCR0897";"NorskFiskeeDNA";"AssID00";"Esoluc";"plate02";"mxpro";"qpcrrundate20210920 - Text Report Data";10;"FNE010";"3uL";"0.5 RNA";"1.0 mL RNAgem";"75C";"15_minutes";"Boette - konsentrat";3;"FNE010";"#80FF00"
"126";30;"B6";"Unknown";10;0.2167;40.94;1.89;0.996;-3.585;"qPCR0897";"NorskFiskeeDNA";"AssID00";"Esoluc";"plate02";"mxpro";"qpcrrundate20210920 - Text Report Data";10;"FNE010";"3uL";"0.5 RNA";"1.0 mL RNAgem";"75C";"15_minutes";"Boette - konsentrat";3;"FNE010";"#80FF00"
"127";31;"C4";"Unknown";11;0.2167;NA;NA;0.996;-3.585;"qPCR0897";"NorskFiskeeDNA";"AssID00";"Esoluc";"plate02";"mxpro";"qpcrrundate20210920 - Text Report Data";11;"FNE011";"3uL";"0.5 RNA";"1.0 mL RNAgem";"75C";"15_minutes";"Boette - konsentrat";3;"FNE011";"#5DFF00"
"128";32;"C5";"Unknown";11;0.2167;NA;NA;0.996;-3.585;"qPCR0897";"NorskFiskeeDNA";"AssID00";"Esoluc";"plate02";"mxpro";"qpcrrundate20210920 - Text Report Data";11;"FNE011";"3uL";"0.5 RNA";"1.0 mL RNAgem";"75C";"15_minutes";"Boette - konsentrat";3;"FNE011";"#5DFF00"
"129";33;"C6";"Unknown";11;0.2167;NA;NA;0.996;-3.585;"qPCR0897";"NorskFiskeeDNA";"AssID00";"Esoluc";"plate02";"mxpro";"qpcrrundate20210920 - Text Report Data";11;"FNE011";"3uL";"0.5 RNA";"1.0 mL RNAgem";"75C";"15_minutes";"Boette - konsentrat";3;"FNE011";"#5DFF00"
"130";34;"D4";"Unknown";12;0.2167;NA;NA;0.996;-3.585;"qPCR0897";"NorskFiskeeDNA";"AssID00";"Esoluc";"plate02";"mxpro";"qpcrrundate20210920 - Text Report Data";12;"FNE012";"3uL";"0.5 RNA";"1.0 mL RNAgem";"75C";"15_minutes";"Boette - konsentrat";3;"FNE012";"#3AFF00"
"131";35;"D5";"Unknown";12;0.2167;NA;NA;0.996;-3.585;"qPCR0897";"NorskFiskeeDNA";"AssID00";"Esoluc";"plate02";"mxpro";"qpcrrundate20210920 - Text Report Data";12;"FNE012";"3uL";"0.5 RNA";"1.0 mL RNAgem";"75C";"15_minutes";"Boette - konsentrat";3;"FNE012";"#3AFF00"
"132";36;"D6";"Unknown";12;0.2167;NA;NA;0.996;-3.585;"qPCR0897";"NorskFiskeeDNA";"AssID00";"Esoluc";"plate02";"mxpro";"qpcrrundate20210920 - Text Report Data";12;"FNE012";"3uL";"0.5 RNA";"1.0 mL RNAgem";"75C";"15_minutes";"Boette - konsentrat";3;"FNE012";"#3AFF00"
"133";37;"E4";"Unknown";13;0.2167;NA;NA;0.996;-3.585;"qPCR0897";"NorskFiskeeDNA";"AssID00";"Esoluc";"plate02";"mxpro";"qpcrrundate20210920 - Text Report Data";13;"FNE013";"3uL";"1.0 RNA";"0.5 mL RNAgem";"75C";"15_minutes";"Boette - konsentrat";3;"FNE013";"#17FF00"
"134";38;"E5";"Unknown";13;0.2167;NA;NA;0.996;-3.585;"qPCR0897";"NorskFiskeeDNA";"AssID00";"Esoluc";"plate02";"mxpro";"qpcrrundate20210920 - Text Report Data";13;"FNE013";"3uL";"1.0 RNA";"0.5 mL RNAgem";"75C";"15_minutes";"Boette - konsentrat";3;"FNE013";"#17FF00"
"135";39;"E6";"Unknown";13;0.2167;NA;NA;0.996;-3.585;"qPCR0897";"NorskFiskeeDNA";"AssID00";"Esoluc";"plate02";"mxpro";"qpcrrundate20210920 - Text Report Data";13;"FNE013";"3uL";"1.0 RNA";"0.5 mL RNAgem";"75C";"15_minutes";"Boette - konsentrat";3;"FNE013";"#17FF00"
"136";40;"F4";"Unknown";14;0.2167;NA;NA;0.996;-3.585;"qPCR0897";"NorskFiskeeDNA";"AssID00";"Esoluc";"plate02";"mxpro";"qpcrrundate20210920 - Text Report Data";14;"FNE014";"3uL";"1.0 RNA";"0.5 mL RNAgem";"75C";"15_minutes";"Boette - konsentrat";3;"FNE014";"#00FF0C"
"137";41;"F5";"Unknown";14;0.2167;NA;NA;0.996;-3.585;"qPCR0897";"NorskFiskeeDNA";"AssID00";"Esoluc";"plate02";"mxpro";"qpcrrundate20210920 - Text Report Data";14;"FNE014";"3uL";"1.0 RNA";"0.5 mL RNAgem";"75C";"15_minutes";"Boette - konsentrat";3;"FNE014";"#00FF0C"
"138";42;"F6";"Unknown";14;0.2167;NA;NA;0.996;-3.585;"qPCR0897";"NorskFiskeeDNA";"AssID00";"Esoluc";"plate02";"mxpro";"qpcrrundate20210920 - Text Report Data";14;"FNE014";"3uL";"1.0 RNA";"0.5 mL RNAgem";"75C";"15_minutes";"Boette - konsentrat";3;"FNE014";"#00FF0C"
"139";43;"G4";"Unknown";15;0.2167;NA;NA;0.996;-3.585;"qPCR0897";"NorskFiskeeDNA";"AssID00";"Esoluc";"plate02";"mxpro";"qpcrrundate20210920 - Text Report Data";15;"FNE015";"3uL";"1.0 RNA";"0.5 mL RNAgem";"75C";"15_minutes";"Boette - konsentrat";3;"FNE015";"#00FF2E"
"140";44;"G5";"Unknown";15;0.2167;46.64;0.0486;0.996;-3.585;"qPCR0897";"NorskFiskeeDNA";"AssID00";"Esoluc";"plate02";"mxpro";"qpcrrundate20210920 - Text Report Data";15;"FNE015";"3uL";"1.0 RNA";"0.5 mL RNAgem";"75C";"15_minutes";"Boette - konsentrat";3;"FNE015";"#00FF2E"
"141";45;"G6";"Unknown";15;0.2167;NA;NA;0.996;-3.585;"qPCR0897";"NorskFiskeeDNA";"AssID00";"Esoluc";"plate02";"mxpro";"qpcrrundate20210920 - Text Report Data";15;"FNE015";"3uL";"1.0 RNA";"0.5 mL RNAgem";"75C";"15_minutes";"Boette - konsentrat";3;"FNE015";"#00FF2E"
"142";46;"H4";"Unknown";16;0.2167;24.22;86880;0.996;-3.585;"qPCR0897";"NorskFiskeeDNA";"AssID00";"Esoluc";"plate02";"mxpro";"qpcrrundate20210920 - Text Report Data";16;"FNE016";"3uL";"ATL";"add ATL as usual w heat incub";"56C";"4_hours";"1/100";3;"FNE016";"#00FF51"
"143";47;"H5";"Unknown";16;0.2167;24.82;59010;0.996;-3.585;"qPCR0897";"NorskFiskeeDNA";"AssID00";"Esoluc";"plate02";"mxpro";"qpcrrundate20210920 - Text Report Data";16;"FNE016";"3uL";"ATL";"add ATL as usual w heat incub";"56C";"4_hours";"1/100";3;"FNE016";"#00FF51"
"144";48;"H6";"Unknown";16;0.2167;24.9;56390;0.996;-3.585;"qPCR0897";"NorskFiskeeDNA";"AssID00";"Esoluc";"plate02";"mxpro";"qpcrrundate20210920 - Text Report Data";16;"FNE016";"3uL";"ATL";"add ATL as usual w heat incub";"56C";"4_hours";"1/100";3;"FNE016";"#00FF51"
"145";49;"A7";"Unknown";17;0.2167;24.94;54640;0.996;-3.585;"qPCR0897";"NorskFiskeeDNA";"AssID00";"Esoluc";"plate02";"mxpro";"qpcrrundate20210920 - Text Report Data";17;"FNE017";"3uL";"ATL";"add ATL as usual w heat incub";"56C";"4_hours";"1/100";3;"FNE017";"#00FF74"
"146";50;"A8";"Unknown";17;0.2167;24.99;52980;0.996;-3.585;"qPCR0897";"NorskFiskeeDNA";"AssID00";"Esoluc";"plate02";"mxpro";"qpcrrundate20210920 - Text Report Data";17;"FNE017";"3uL";"ATL";"add ATL as usual w heat incub";"56C";"4_hours";"1/100";3;"FNE017";"#00FF74"
"147";51;"A9";"Unknown";17;0.2167;25.16;47680;0.996;-3.585;"qPCR0897";"NorskFiskeeDNA";"AssID00";"Esoluc";"plate02";"mxpro";"qpcrrundate20210920 - Text Report Data";17;"FNE017";"3uL";"ATL";"add ATL as usual w heat incub";"56C";"4_hours";"1/100";3;"FNE017";"#00FF74"
"148";52;"A10";"Unknown";17;0.2167;24.94;54850;0.996;-3.585;"qPCR0897";"NorskFiskeeDNA";"AssID00";"Esoluc";"plate02";"mxpro";"qpcrrundate20210920 - Text Report Data";17;"FNE017";"3uL";"ATL";"add ATL as usual w heat incub";"56C";"4_hours";"1/100";3;"FNE017";"#00FF74"
"149";53;"A11";"Unknown";17;0.2167;25.19;46730;0.996;-3.585;"qPCR0897";"NorskFiskeeDNA";"AssID00";"Esoluc";"plate02";"mxpro";"qpcrrundate20210920 - Text Report Data";17;"FNE017";"3uL";"ATL";"add ATL as usual w heat incub";"56C";"4_hours";"1/100";3;"FNE017";"#00FF74"
"150";54;"A12";"Unknown";17;0.2167;25.16;47720;0.996;-3.585;"qPCR0897";"NorskFiskeeDNA";"AssID00";"Esoluc";"plate02";"mxpro";"qpcrrundate20210920 - Text Report Data";17;"FNE017";"3uL";"ATL";"add ATL as usual w heat incub";"56C";"4_hours";"1/100";3;"FNE017";"#00FF74"
"151";55;"B7";"Unknown";18;0.2167;24.35;79830;0.996;-3.585;"qPCR0897";"NorskFiskeeDNA";"AssID00";"Esoluc";"plate02";"mxpro";"qpcrrundate20210920 - Text Report Data";18;"FNE018";"3uL";"ATL";"add ATL as usual w heat incub";"56C";"4_hours";"1/100";3;"FNE018";"#00FF97"
"152";56;"B8";"Unknown";18;0.2167;24.63;67000;0.996;-3.585;"qPCR0897";"NorskFiskeeDNA";"AssID00";"Esoluc";"plate02";"mxpro";"qpcrrundate20210920 - Text Report Data";18;"FNE018";"3uL";"ATL";"add ATL as usual w heat incub";"56C";"4_hours";"1/100";3;"FNE018";"#00FF97"
"153";57;"B9";"Unknown";18;0.2167;25.43;39930;0.996;-3.585;"qPCR0897";"NorskFiskeeDNA";"AssID00";"Esoluc";"plate02";"mxpro";"qpcrrundate20210920 - Text Report Data";18;"FNE018";"3uL";"ATL";"add ATL as usual w heat incub";"56C";"4_hours";"1/100";3;"FNE018";"#00FF97"
"154";58;"B10";"Unknown";18;0.2167;25.45;39580;0.996;-3.585;"qPCR0897";"NorskFiskeeDNA";"AssID00";"Esoluc";"plate02";"mxpro";"qpcrrundate20210920 - Text Report Data";18;"FNE018";"3uL";"ATL";"add ATL as usual w heat incub";"56C";"4_hours";"1/100";3;"FNE018";"#00FF97"
"155";59;"B11";"Unknown";18;0.2167;25.82;31150;0.996;-3.585;"qPCR0897";"NorskFiskeeDNA";"AssID00";"Esoluc";"plate02";"mxpro";"qpcrrundate20210920 - Text Report Data";18;"FNE018";"3uL";"ATL";"add ATL as usual w heat incub";"56C";"4_hours";"1/100";3;"FNE018";"#00FF97"
"156";60;"B12";"Unknown";18;0.2167;25.51;38120;0.996;-3.585;"qPCR0897";"NorskFiskeeDNA";"AssID00";"Esoluc";"plate02";"mxpro";"qpcrrundate20210920 - Text Report Data";18;"FNE018";"3uL";"ATL";"add ATL as usual w heat incub";"56C";"4_hours";"1/100";3;"FNE018";"#00FF97"
"157";61;"C7";"Unknown";19;0.2167;25.13;48590;0.996;-3.585;"qPCR0897";"NorskFiskeeDNA";"AssID00";"Esoluc";"plate02";"mxpro";"qpcrrundate20210920 - Text Report Data";19;"FNE019";"3uL";"ATL";"add ATL no heat incub";"22C";"4_hours";"1/100";3;"FNE019";"#00FFB9"
"158";62;"C8";"Unknown";19;0.2167;25.03;51650;0.996;-3.585;"qPCR0897";"NorskFiskeeDNA";"AssID00";"Esoluc";"plate02";"mxpro";"qpcrrundate20210920 - Text Report Data";19;"FNE019";"3uL";"ATL";"add ATL no heat incub";"22C";"4_hours";"1/100";3;"FNE019";"#00FFB9"
"159";63;"C9";"Unknown";19;0.2167;24.98;53260;0.996;-3.585;"qPCR0897";"NorskFiskeeDNA";"AssID00";"Esoluc";"plate02";"mxpro";"qpcrrundate20210920 - Text Report Data";19;"FNE019";"3uL";"ATL";"add ATL no heat incub";"22C";"4_hours";"1/100";3;"FNE019";"#00FFB9"
"160";64;"C10";"Unknown";19;0.2167;25.03;51750;0.996;-3.585;"qPCR0897";"NorskFiskeeDNA";"AssID00";"Esoluc";"plate02";"mxpro";"qpcrrundate20210920 - Text Report Data";19;"FNE019";"3uL";"ATL";"add ATL no heat incub";"22C";"4_hours";"1/100";3;"FNE019";"#00FFB9"
"161";65;"C11";"Unknown";19;0.2167;25.15;47820;0.996;-3.585;"qPCR0897";"NorskFiskeeDNA";"AssID00";"Esoluc";"plate02";"mxpro";"qpcrrundate20210920 - Text Report Data";19;"FNE019";"3uL";"ATL";"add ATL no heat incub";"22C";"4_hours";"1/100";3;"FNE019";"#00FFB9"
"162";66;"C12";"Unknown";19;0.2167;25.1;49490;0.996;-3.585;"qPCR0897";"NorskFiskeeDNA";"AssID00";"Esoluc";"plate02";"mxpro";"qpcrrundate20210920 - Text Report Data";19;"FNE019";"3uL";"ATL";"add ATL no heat incub";"22C";"4_hours";"1/100";3;"FNE019";"#00FFB9"
"163";67;"D7";"Unknown";20;0.2167;24.68;64740;0.996;-3.585;"qPCR0897";"NorskFiskeeDNA";"AssID00";"Esoluc";"plate02";"mxpro";"qpcrrundate20210920 - Text Report Data";20;"FNE020";"3uL";"ATL";"add ATL no heat incub";"22C";"4_hours";"1/100";3;"FNE020";"#00FFDC"
"164";68;"D8";"Unknown";20;0.2167;24.98;53380;0.996;-3.585;"qPCR0897";"NorskFiskeeDNA";"AssID00";"Esoluc";"plate02";"mxpro";"qpcrrundate20210920 - Text Report Data";20;"FNE020";"3uL";"ATL";"add ATL no heat incub";"22C";"4_hours";"1/100";3;"FNE020";"#00FFDC"
"165";69;"D9";"Unknown";20;0.2167;24.95;54590;0.996;-3.585;"qPCR0897";"NorskFiskeeDNA";"AssID00";"Esoluc";"plate02";"mxpro";"qpcrrundate20210920 - Text Report Data";20;"FNE020";"3uL";"ATL";"add ATL no heat incub";"22C";"4_hours";"1/100";3;"FNE020";"#00FFDC"
"166";70;"D10";"Unknown";20;0.2167;25.12;48760;0.996;-3.585;"qPCR0897";"NorskFiskeeDNA";"AssID00";"Esoluc";"plate02";"mxpro";"qpcrrundate20210920 - Text Report Data";20;"FNE020";"3uL";"ATL";"add ATL no heat incub";"22C";"4_hours";"1/100";3;"FNE020";"#00FFDC"
"167";71;"D11";"Unknown";20;0.2167;25.01;52310;0.996;-3.585;"qPCR0897";"NorskFiskeeDNA";"AssID00";"Esoluc";"plate02";"mxpro";"qpcrrundate20210920 - Text Report Data";20;"FNE020";"3uL";"ATL";"add ATL no heat incub";"22C";"4_hours";"1/100";3;"FNE020";"#00FFDC"
"168";72;"D12";"Unknown";20;0.2167;24.93;55030;0.996;-3.585;"qPCR0897";"NorskFiskeeDNA";"AssID00";"Esoluc";"plate02";"mxpro";"qpcrrundate20210920 - Text Report Data";20;"FNE020";"3uL";"ATL";"add ATL no heat incub";"22C";"4_hours";"1/100";3;"FNE020";"#00FFDC"
"169";73;"E7";"Unknown";21;0.2167;24.9;56180;0.996;-3.585;"qPCR0897";"NorskFiskeeDNA";"AssID00";"Esoluc";"plate02";"mxpro";"qpcrrundate20210920 - Text Report Data";21;"FNE021";"3uL";"ATL";"add ATL no heat incub";"22C";"4_hours";"1/100";3;"FNE021";"#00FFFF"
"170";74;"E8";"Unknown";21;0.2167;24.85;58010;0.996;-3.585;"qPCR0897";"NorskFiskeeDNA";"AssID00";"Esoluc";"plate02";"mxpro";"qpcrrundate20210920 - Text Report Data";21;"FNE021";"3uL";"ATL";"add ATL no heat incub";"22C";"4_hours";"1/100";3;"FNE021";"#00FFFF"
"171";75;"E9";"Unknown";21;0.2167;25;52750;0.996;-3.585;"qPCR0897";"NorskFiskeeDNA";"AssID00";"Esoluc";"plate02";"mxpro";"qpcrrundate20210920 - Text Report Data";21;"FNE021";"3uL";"ATL";"add ATL no heat incub";"22C";"4_hours";"1/100";3;"FNE021";"#00FFFF"
"172";76;"E10";"Unknown";21;0.2167;24.97;53700;0.996;-3.585;"qPCR0897";"NorskFiskeeDNA";"AssID00";"Esoluc";"plate02";"mxpro";"qpcrrundate20210920 - Text Report Data";21;"FNE021";"3uL";"ATL";"add ATL no heat incub";"22C";"4_hours";"1/100";3;"FNE021";"#00FFFF"
"173";77;"E11";"Unknown";21;0.2167;24.87;57280;0.996;-3.585;"qPCR0897";"NorskFiskeeDNA";"AssID00";"Esoluc";"plate02";"mxpro";"qpcrrundate20210920 - Text Report Data";21;"FNE021";"3uL";"ATL";"add ATL no heat incub";"22C";"4_hours";"1/100";3;"FNE021";"#00FFFF"
"174";78;"E12";"Unknown";21;0.2167;24.73;62740;0.996;-3.585;"qPCR0897";"NorskFiskeeDNA";"AssID00";"Esoluc";"plate02";"mxpro";"qpcrrundate20210920 - Text Report Data";21;"FNE021";"3uL";"ATL";"add ATL no heat incub";"22C";"4_hours";"1/100";3;"FNE021";"#00FFFF"
"175";79;"F7";"Unknown";22;0.2167;NA;NA;0.996;-3.585;"qPCR0897";"NorskFiskeeDNA";"AssID00";"Esoluc";"plate02";"mxpro";"qpcrrundate20210920 - Text Report Data";22;"FNE022";"3uL";"0.5 RNA";"1.0 mL RNAgem";"75C";"15_minutes";"1/100";3;"FNE022";"#00DCFF"
"176";80;"F8";"Unknown";22;0.2167;NA;NA;0.996;-3.585;"qPCR0897";"NorskFiskeeDNA";"AssID00";"Esoluc";"plate02";"mxpro";"qpcrrundate20210920 - Text Report Data";22;"FNE022";"3uL";"0.5 RNA";"1.0 mL RNAgem";"75C";"15_minutes";"1/100";3;"FNE022";"#00DCFF"
"177";81;"F9";"Unknown";22;0.2167;NA;NA;0.996;-3.585;"qPCR0897";"NorskFiskeeDNA";"AssID00";"Esoluc";"plate02";"mxpro";"qpcrrundate20210920 - Text Report Data";22;"FNE022";"3uL";"0.5 RNA";"1.0 mL RNAgem";"75C";"15_minutes";"1/100";3;"FNE022";"#00DCFF"
"178";82;"F10";"Unknown";22;0.2167;42.3;0.7904;0.996;-3.585;"qPCR0897";"NorskFiskeeDNA";"AssID00";"Esoluc";"plate02";"mxpro";"qpcrrundate20210920 - Text Report Data";22;"FNE022";"3uL";"0.5 RNA";"1.0 mL RNAgem";"75C";"15_minutes";"1/100";3;"FNE022";"#00DCFF"
"179";83;"F11";"Unknown";22;0.2167;NA;NA;0.996;-3.585;"qPCR0897";"NorskFiskeeDNA";"AssID00";"Esoluc";"plate02";"mxpro";"qpcrrundate20210920 - Text Report Data";22;"FNE022";"3uL";"0.5 RNA";"1.0 mL RNAgem";"75C";"15_minutes";"1/100";3;"FNE022";"#00DCFF"
"180";84;"F12";"Unknown";22;0.2167;NA;NA;0.996;-3.585;"qPCR0897";"NorskFiskeeDNA";"AssID00";"Esoluc";"plate02";"mxpro";"qpcrrundate20210920 - Text Report Data";22;"FNE022";"3uL";"0.5 RNA";"1.0 mL RNAgem";"75C";"15_minutes";"1/100";3;"FNE022";"#00DCFF"
"181";85;"G7";"Unknown";23;0.2167;NA;NA;0.996;-3.585;"qPCR0897";"NorskFiskeeDNA";"AssID00";"Esoluc";"plate02";"mxpro";"qpcrrundate20210920 - Text Report Data";23;"FNE023";"3uL";"0.5 RNA";"1.0 mL RNAgem";"75C";"15_minutes";"1/100";3;"FNE023";"#00B9FF"
"182";86;"G8";"Unknown";23;0.2167;NA;NA;0.996;-3.585;"qPCR0897";"NorskFiskeeDNA";"AssID00";"Esoluc";"plate02";"mxpro";"qpcrrundate20210920 - Text Report Data";23;"FNE023";"3uL";"0.5 RNA";"1.0 mL RNAgem";"75C";"15_minutes";"1/100";3;"FNE023";"#00B9FF"
"183";87;"G9";"Unknown";23;0.2167;NA;NA;0.996;-3.585;"qPCR0897";"NorskFiskeeDNA";"AssID00";"Esoluc";"plate02";"mxpro";"qpcrrundate20210920 - Text Report Data";23;"FNE023";"3uL";"0.5 RNA";"1.0 mL RNAgem";"75C";"15_minutes";"1/100";3;"FNE023";"#00B9FF"
"184";88;"G10";"Unknown";23;0.2167;NA;NA;0.996;-3.585;"qPCR0897";"NorskFiskeeDNA";"AssID00";"Esoluc";"plate02";"mxpro";"qpcrrundate20210920 - Text Report Data";23;"FNE023";"3uL";"0.5 RNA";"1.0 mL RNAgem";"75C";"15_minutes";"1/100";3;"FNE023";"#00B9FF"
"185";89;"G11";"Unknown";23;0.2167;NA;NA;0.996;-3.585;"qPCR0897";"NorskFiskeeDNA";"AssID00";"Esoluc";"plate02";"mxpro";"qpcrrundate20210920 - Text Report Data";23;"FNE023";"3uL";"0.5 RNA";"1.0 mL RNAgem";"75C";"15_minutes";"1/100";3;"FNE023";"#00B9FF"
"186";90;"G12";"Unknown";23;0.2167;NA;NA;0.996;-3.585;"qPCR0897";"NorskFiskeeDNA";"AssID00";"Esoluc";"plate02";"mxpro";"qpcrrundate20210920 - Text Report Data";23;"FNE023";"3uL";"0.5 RNA";"1.0 mL RNAgem";"75C";"15_minutes";"1/100";3;"FNE023";"#00B9FF"
"187";91;"H7";"Unknown";24;0.2167;NA;NA;0.996;-3.585;"qPCR0897";"NorskFiskeeDNA";"AssID00";"Esoluc";"plate02";"mxpro";"qpcrrundate20210920 - Text Report Data";24;"FNE024";"3uL";"0.5 RNA";"1.0 mL RNAgem";"75C";"15_minutes";"1/100";3;"FNE024";"#0097FF"
"188";92;"H8";"Unknown";24;0.2167;NA;NA;0.996;-3.585;"qPCR0897";"NorskFiskeeDNA";"AssID00";"Esoluc";"plate02";"mxpro";"qpcrrundate20210920 - Text Report Data";24;"FNE024";"3uL";"0.5 RNA";"1.0 mL RNAgem";"75C";"15_minutes";"1/100";3;"FNE024";"#0097FF"
"189";93;"H9";"Unknown";24;0.2167;NA;NA;0.996;-3.585;"qPCR0897";"NorskFiskeeDNA";"AssID00";"Esoluc";"plate02";"mxpro";"qpcrrundate20210920 - Text Report Data";24;"FNE024";"3uL";"0.5 RNA";"1.0 mL RNAgem";"75C";"15_minutes";"1/100";3;"FNE024";"#0097FF"
"190";94;"H10";"Unknown";24;0.2167;NA;NA;0.996;-3.585;"qPCR0897";"NorskFiskeeDNA";"AssID00";"Esoluc";"plate02";"mxpro";"qpcrrundate20210920 - Text Report Data";24;"FNE024";"3uL";"0.5 RNA";"1.0 mL RNAgem";"75C";"15_minutes";"1/100";3;"FNE024";"#0097FF"
"191";95;"H11";"Unknown";24;0.2167;NA;NA;0.996;-3.585;"qPCR0897";"NorskFiskeeDNA";"AssID00";"Esoluc";"plate02";"mxpro";"qpcrrundate20210920 - Text Report Data";24;"FNE024";"3uL";"0.5 RNA";"1.0 mL RNAgem";"75C";"15_minutes";"1/100";3;"FNE024";"#0097FF"
"192";96;"H12";"Unknown";24;0.2167;NA;NA;0.996;-3.585;"qPCR0897";"NorskFiskeeDNA";"AssID00";"Esoluc";"plate02";"mxpro";"qpcrrundate20210920 - Text Report Data";24;"FNE024";"3uL";"0.5 RNA";"1.0 mL RNAgem";"75C";"15_minutes";"1/100";3;"FNE024";"#0097FF"
"193";1;"A1";"Standard";1;0.1317;24.61;30000;0.997;-3.604;"qPCR0898";"NorskFiskeeDNA";"AssID00";"Esoluc";"plate03";"mxpro";"qpcrrundate20210927 - Text Report Data";1;"3E4";"3uL";NA;NA;NA;NA;NA;3;"Standard";"#FF0000"
"194";2;"A2";"Standard";1;0.1317;24.71;30000;0.997;-3.604;"qPCR0898";"NorskFiskeeDNA";"AssID00";"Esoluc";"plate03";"mxpro";"qpcrrundate20210927 - Text Report Data";1;"3E4";"3uL";NA;NA;NA;NA;NA;3;"Standard";"#FF0000"
"195";3;"A3";"Standard";1;0.1317;24.68;30000;0.997;-3.604;"qPCR0898";"NorskFiskeeDNA";"AssID00";"Esoluc";"plate03";"mxpro";"qpcrrundate20210927 - Text Report Data";1;"3E4";"3uL";NA;NA;NA;NA;NA;3;"Standard";"#FF0000"
"196";4;"B1";"Standard";2;0.1317;28.41;3000;0.997;-3.604;"qPCR0898";"NorskFiskeeDNA";"AssID00";"Esoluc";"plate03";"mxpro";"qpcrrundate20210927 - Text Report Data";2;"3E3";"3uL";NA;NA;NA;NA;NA;3;"Standard";"#FF0000"
"197";5;"B2";"Standard";2;0.1317;28.18;3000;0.997;-3.604;"qPCR0898";"NorskFiskeeDNA";"AssID00";"Esoluc";"plate03";"mxpro";"qpcrrundate20210927 - Text Report Data";2;"3E3";"3uL";NA;NA;NA;NA;NA;3;"Standard";"#FF0000"
"198";6;"B3";"Standard";2;0.1317;28.24;3000;0.997;-3.604;"qPCR0898";"NorskFiskeeDNA";"AssID00";"Esoluc";"plate03";"mxpro";"qpcrrundate20210927 - Text Report Data";2;"3E3";"3uL";NA;NA;NA;NA;NA;3;"Standard";"#FF0000"
"199";7;"C1";"Standard";3;0.1317;31.74;300;0.997;-3.604;"qPCR0898";"NorskFiskeeDNA";"AssID00";"Esoluc";"plate03";"mxpro";"qpcrrundate20210927 - Text Report Data";3;"3E2";"3uL";NA;NA;NA;NA;NA;3;"Standard";"#FF0000"
"200";8;"C2";"Standard";3;0.1317;31.98;300;0.997;-3.604;"qPCR0898";"NorskFiskeeDNA";"AssID00";"Esoluc";"plate03";"mxpro";"qpcrrundate20210927 - Text Report Data";3;"3E2";"3uL";NA;NA;NA;NA;NA;3;"Standard";"#FF0000"
"201";9;"C3";"Standard";3;0.1317;31.65;300;0.997;-3.604;"qPCR0898";"NorskFiskeeDNA";"AssID00";"Esoluc";"plate03";"mxpro";"qpcrrundate20210927 - Text Report Data";3;"3E2";"3uL";NA;NA;NA;NA;NA;3;"Standard";"#FF0000"
"202";10;"D1";"Standard";4;0.1317;35.45;30;0.997;-3.604;"qPCR0898";"NorskFiskeeDNA";"AssID00";"Esoluc";"plate03";"mxpro";"qpcrrundate20210927 - Text Report Data";4;"3E1";"3uL";NA;NA;NA;NA;NA;3;"Standard";"#FF0000"
"203";11;"D2";"Standard";4;0.1317;36.19;30;0.997;-3.604;"qPCR0898";"NorskFiskeeDNA";"AssID00";"Esoluc";"plate03";"mxpro";"qpcrrundate20210927 - Text Report Data";4;"3E1";"3uL";NA;NA;NA;NA;NA;3;"Standard";"#FF0000"
"204";12;"D3";"Standard";4;0.1317;35.27;30;0.997;-3.604;"qPCR0898";"NorskFiskeeDNA";"AssID00";"Esoluc";"plate03";"mxpro";"qpcrrundate20210927 - Text Report Data";4;"3E1";"3uL";NA;NA;NA;NA;NA;3;"Standard";"#FF0000"
"205";13;"E1";"Standard";5;0.1317;NA;NA;0.997;-3.604;"qPCR0898";"NorskFiskeeDNA";"AssID00";"Esoluc";"plate03";"mxpro";"qpcrrundate20210927 - Text Report Data";5;"3E0";"3uL";NA;NA;NA;NA;NA;3;"Standard";"#FF0000"
"206";14;"E2";"Standard";5;0.1317;38.6;3;0.997;-3.604;"qPCR0898";"NorskFiskeeDNA";"AssID00";"Esoluc";"plate03";"mxpro";"qpcrrundate20210927 - Text Report Data";5;"3E0";"3uL";NA;NA;NA;NA;NA;3;"Standard";"#FF0000"
"207";15;"E3";"Standard";5;0.1317;39.35;3;0.997;-3.604;"qPCR0898";"NorskFiskeeDNA";"AssID00";"Esoluc";"plate03";"mxpro";"qpcrrundate20210927 - Text Report Data";5;"3E0";"3uL";NA;NA;NA;NA;NA;3;"Standard";"#FF0000"
"208";16;"F1";"Standard";6;0.1317;NA;NA;0.997;-3.604;"qPCR0898";"NorskFiskeeDNA";"AssID00";"Esoluc";"plate03";"mxpro";"qpcrrundate20210927 - Text Report Data";6;"3E-1";"3uL";NA;NA;NA;NA;NA;3;"Standard";"#FF0000"
"209";17;"F2";"Standard";6;0.1317;NA;NA;0.997;-3.604;"qPCR0898";"NorskFiskeeDNA";"AssID00";"Esoluc";"plate03";"mxpro";"qpcrrundate20210927 - Text Report Data";6;"3E-1";"3uL";NA;NA;NA;NA;NA;3;"Standard";"#FF0000"
"210";18;"F3";"Standard";6;0.1317;NA;NA;0.997;-3.604;"qPCR0898";"NorskFiskeeDNA";"AssID00";"Esoluc";"plate03";"mxpro";"qpcrrundate20210927 - Text Report Data";6;"3E-1";"3uL";NA;NA;NA;NA;NA;3;"Standard";"#FF0000"
"211";19;"G1";"Standard";7;0.1317;NA;NA;0.997;-3.604;"qPCR0898";"NorskFiskeeDNA";"AssID00";"Esoluc";"plate03";"mxpro";"qpcrrundate20210927 - Text Report Data";7;"3E-2";"3uL";NA;NA;NA;NA;NA;3;"Standard";"#FF0000"
"212";20;"G2";"Standard";7;0.1317;NA;NA;0.997;-3.604;"qPCR0898";"NorskFiskeeDNA";"AssID00";"Esoluc";"plate03";"mxpro";"qpcrrundate20210927 - Text Report Data";7;"3E-2";"3uL";NA;NA;NA;NA;NA;3;"Standard";"#FF0000"
"213";21;"G3";"Standard";7;0.1317;NA;NA;0.997;-3.604;"qPCR0898";"NorskFiskeeDNA";"AssID00";"Esoluc";"plate03";"mxpro";"qpcrrundate20210927 - Text Report Data";7;"3E-2";"3uL";NA;NA;NA;NA;NA;3;"Standard";"#FF0000"
"214";22;"H1";"NTC";8;0.1317;NA;NA;0.997;-3.604;"qPCR0898";"NorskFiskeeDNA";"AssID00";"Esoluc";"plate03";"mxpro";"qpcrrundate20210927 - Text Report Data";8;"NTC";"3uL";NA;NA;NA;NA;NA;3;"NTC";"#FF2300"
"215";23;"H2";"NTC";8;0.1317;NA;NA;0.997;-3.604;"qPCR0898";"NorskFiskeeDNA";"AssID00";"Esoluc";"plate03";"mxpro";"qpcrrundate20210927 - Text Report Data";8;"NTC";"3uL";NA;NA;NA;NA;NA;3;"NTC";"#FF2300"
"216";24;"H3";"NTC";8;0.1317;NA;NA;0.997;-3.604;"qPCR0898";"NorskFiskeeDNA";"AssID00";"Esoluc";"plate03";"mxpro";"qpcrrundate20210927 - Text Report Data";8;"NTC";"3uL";NA;NA;NA;NA;NA;3;"NTC";"#FF2300"
"217";25;"A4";"Unknown";9;0.1317;NA;NA;0.997;-3.604;"qPCR0898";"NorskFiskeeDNA";"AssID00";"Esoluc";"plate03";"mxpro";"qpcrrundate20210927 - Text Report Data";9;"FNE025";"3uL";"1.0 RNA";"0.5 mL RNAgem";"75C";"15_minutes";"1/100";3;"FNE025";"#0074FF"
"218";26;"A5";"Unknown";9;0.1317;NA;NA;0.997;-3.604;"qPCR0898";"NorskFiskeeDNA";"AssID00";"Esoluc";"plate03";"mxpro";"qpcrrundate20210927 - Text Report Data";9;"FNE025";"3uL";"1.0 RNA";"0.5 mL RNAgem";"75C";"15_minutes";"1/100";3;"FNE025";"#0074FF"
"219";27;"A6";"Unknown";9;0.1317;NA;NA;0.997;-3.604;"qPCR0898";"NorskFiskeeDNA";"AssID00";"Esoluc";"plate03";"mxpro";"qpcrrundate20210927 - Text Report Data";9;"FNE025";"3uL";"1.0 RNA";"0.5 mL RNAgem";"75C";"15_minutes";"1/100";3;"FNE025";"#0074FF"
"220";28;"A7";"Unknown";9;0.1317;NA;NA;0.997;-3.604;"qPCR0898";"NorskFiskeeDNA";"AssID00";"Esoluc";"plate03";"mxpro";"qpcrrundate20210927 - Text Report Data";17;"FNE025";"3uL";"1.0 RNA";"0.5 mL RNAgem";"75C";"15_minutes";"1/100";3;"FNE025";"#0074FF"
"221";29;"A8";"Unknown";9;0.1317;NA;NA;0.997;-3.604;"qPCR0898";"NorskFiskeeDNA";"AssID00";"Esoluc";"plate03";"mxpro";"qpcrrundate20210927 - Text Report Data";17;"FNE025";"3uL";"1.0 RNA";"0.5 mL RNAgem";"75C";"15_minutes";"1/100";3;"FNE025";"#0074FF"
"222";30;"A9";"Unknown";9;0.1317;39.19;2.8;0.997;-3.604;"qPCR0898";"NorskFiskeeDNA";"AssID00";"Esoluc";"plate03";"mxpro";"qpcrrundate20210927 - Text Report Data";17;"FNE025";"3uL";"1.0 RNA";"0.5 mL RNAgem";"75C";"15_minutes";"1/100";3;"FNE025";"#0074FF"
"223";31;"B4";"Unknown";10;0.1317;NA;NA;0.997;-3.604;"qPCR0898";"NorskFiskeeDNA";"AssID00";"Esoluc";"plate03";"mxpro";"qpcrrundate20210927 - Text Report Data";10;"FNE026";"3uL";"1.0 RNA";"0.5 mL RNAgem";"75C";"15_minutes";"1/100";3;"FNE026";"#0051FF"
"224";32;"B5";"Unknown";10;0.1317;NA;NA;0.997;-3.604;"qPCR0898";"NorskFiskeeDNA";"AssID00";"Esoluc";"plate03";"mxpro";"qpcrrundate20210927 - Text Report Data";10;"FNE026";"3uL";"1.0 RNA";"0.5 mL RNAgem";"75C";"15_minutes";"1/100";3;"FNE026";"#0051FF"
"225";33;"B6";"Unknown";10;0.1317;NA;NA;0.997;-3.604;"qPCR0898";"NorskFiskeeDNA";"AssID00";"Esoluc";"plate03";"mxpro";"qpcrrundate20210927 - Text Report Data";10;"FNE026";"3uL";"1.0 RNA";"0.5 mL RNAgem";"75C";"15_minutes";"1/100";3;"FNE026";"#0051FF"
"226";34;"B7";"Unknown";10;0.1317;NA;NA;0.997;-3.604;"qPCR0898";"NorskFiskeeDNA";"AssID00";"Esoluc";"plate03";"mxpro";"qpcrrundate20210927 - Text Report Data";18;"FNE026";"3uL";"1.0 RNA";"0.5 mL RNAgem";"75C";"15_minutes";"1/100";3;"FNE026";"#0051FF"
"227";35;"B8";"Unknown";10;0.1317;NA;NA;0.997;-3.604;"qPCR0898";"NorskFiskeeDNA";"AssID00";"Esoluc";"plate03";"mxpro";"qpcrrundate20210927 - Text Report Data";18;"FNE026";"3uL";"1.0 RNA";"0.5 mL RNAgem";"75C";"15_minutes";"1/100";3;"FNE026";"#0051FF"
"228";36;"B9";"Unknown";10;0.1317;NA;NA;0.997;-3.604;"qPCR0898";"NorskFiskeeDNA";"AssID00";"Esoluc";"plate03";"mxpro";"qpcrrundate20210927 - Text Report Data";18;"FNE026";"3uL";"1.0 RNA";"0.5 mL RNAgem";"75C";"15_minutes";"1/100";3;"FNE026";"#0051FF"
"229";37;"C4";"Unknown";11;0.1317;NA;NA;0.997;-3.604;"qPCR0898";"NorskFiskeeDNA";"AssID00";"Esoluc";"plate03";"mxpro";"qpcrrundate20210927 - Text Report Data";11;"FNE027";"3uL";"1.0 RNA";"0.5 mL RNAgem";"75C";"15_minutes";"1/100";3;"FNE027";"#002EFF"
"230";38;"C5";"Unknown";11;0.1317;NA;NA;0.997;-3.604;"qPCR0898";"NorskFiskeeDNA";"AssID00";"Esoluc";"plate03";"mxpro";"qpcrrundate20210927 - Text Report Data";11;"FNE027";"3uL";"1.0 RNA";"0.5 mL RNAgem";"75C";"15_minutes";"1/100";3;"FNE027";"#002EFF"
"231";39;"C6";"Unknown";11;0.1317;NA;NA;0.997;-3.604;"qPCR0898";"NorskFiskeeDNA";"AssID00";"Esoluc";"plate03";"mxpro";"qpcrrundate20210927 - Text Report Data";11;"FNE027";"3uL";"1.0 RNA";"0.5 mL RNAgem";"75C";"15_minutes";"1/100";3;"FNE027";"#002EFF"
"232";40;"C7";"Unknown";11;0.1317;NA;NA;0.997;-3.604;"qPCR0898";"NorskFiskeeDNA";"AssID00";"Esoluc";"plate03";"mxpro";"qpcrrundate20210927 - Text Report Data";19;"FNE027";"3uL";"1.0 RNA";"0.5 mL RNAgem";"75C";"15_minutes";"1/100";3;"FNE027";"#002EFF"
"233";41;"C8";"Unknown";11;0.1317;NA;NA;0.997;-3.604;"qPCR0898";"NorskFiskeeDNA";"AssID00";"Esoluc";"plate03";"mxpro";"qpcrrundate20210927 - Text Report Data";19;"FNE027";"3uL";"1.0 RNA";"0.5 mL RNAgem";"75C";"15_minutes";"1/100";3;"FNE027";"#002EFF"
"234";42;"C9";"Unknown";11;0.1317;NA;NA;0.997;-3.604;"qPCR0898";"NorskFiskeeDNA";"AssID00";"Esoluc";"plate03";"mxpro";"qpcrrundate20210927 - Text Report Data";19;"FNE027";"3uL";"1.0 RNA";"0.5 mL RNAgem";"75C";"15_minutes";"1/100";3;"FNE027";"#002EFF"
"235";43;"D4";"Unknown";12;0.1317;27;6771;0.997;-3.604;"qPCR0898";"NorskFiskeeDNA";"AssID00";"Esoluc";"plate03";"mxpro";"qpcrrundate20210927 - Text Report Data";12;"FNE030";"3uL";"ATL";"add ATL as usual w heat incub";"56C";"4_hours";"1/1000";3;"FNE030";"#000CFF"
"236";44;"D5";"Unknown";12;0.1317;27.61;4577;0.997;-3.604;"qPCR0898";"NorskFiskeeDNA";"AssID00";"Esoluc";"plate03";"mxpro";"qpcrrundate20210927 - Text Report Data";12;"FNE030";"3uL";"ATL";"add ATL as usual w heat incub";"56C";"4_hours";"1/1000";3;"FNE030";"#000CFF"
"237";45;"D6";"Unknown";12;0.1317;27.45;5058;0.997;-3.604;"qPCR0898";"NorskFiskeeDNA";"AssID00";"Esoluc";"plate03";"mxpro";"qpcrrundate20210927 - Text Report Data";12;"FNE030";"3uL";"ATL";"add ATL as usual w heat incub";"56C";"4_hours";"1/1000";3;"FNE030";"#000CFF"
"238";46;"D7";"Unknown";12;0.1317;27.4;5221;0.997;-3.604;"qPCR0898";"NorskFiskeeDNA";"AssID00";"Esoluc";"plate03";"mxpro";"qpcrrundate20210927 - Text Report Data";20;"FNE030";"3uL";"ATL";"add ATL as usual w heat incub";"56C";"4_hours";"1/1000";3;"FNE030";"#000CFF"
"239";47;"D8";"Unknown";12;0.1317;27.43;5125;0.997;-3.604;"qPCR0898";"NorskFiskeeDNA";"AssID00";"Esoluc";"plate03";"mxpro";"qpcrrundate20210927 - Text Report Data";20;"FNE030";"3uL";"ATL";"add ATL as usual w heat incub";"56C";"4_hours";"1/1000";3;"FNE030";"#000CFF"
"240";48;"D9";"Unknown";12;0.1317;27.33;5472;0.997;-3.604;"qPCR0898";"NorskFiskeeDNA";"AssID00";"Esoluc";"plate03";"mxpro";"qpcrrundate20210927 - Text Report Data";20;"FNE030";"3uL";"ATL";"add ATL as usual w heat incub";"56C";"4_hours";"1/1000";3;"FNE030";"#000CFF"
"241";49;"E4";"Unknown";13;0.1317;27.06;6511;0.997;-3.604;"qPCR0898";"NorskFiskeeDNA";"AssID00";"Esoluc";"plate03";"mxpro";"qpcrrundate20210927 - Text Report Data";13;"FNE031";"3uL";"ATL";"add ATL as usual w heat incub";"56C";"4_hours";"1/1000";3;"FNE031";"#1700FF"
"242";50;"E5";"Unknown";13;0.1317;27.28;5649;0.997;-3.604;"qPCR0898";"NorskFiskeeDNA";"AssID00";"Esoluc";"plate03";"mxpro";"qpcrrundate20210927 - Text Report Data";13;"FNE031";"3uL";"ATL";"add ATL as usual w heat incub";"56C";"4_hours";"1/1000";3;"FNE031";"#1700FF"
"243";51;"E6";"Unknown";13;0.1317;27.2;5953;0.997;-3.604;"qPCR0898";"NorskFiskeeDNA";"AssID00";"Esoluc";"plate03";"mxpro";"qpcrrundate20210927 - Text Report Data";13;"FNE031";"3uL";"ATL";"add ATL as usual w heat incub";"56C";"4_hours";"1/1000";3;"FNE031";"#1700FF"
"244";52;"E7";"Unknown";13;0.1317;27.39;5276;0.997;-3.604;"qPCR0898";"NorskFiskeeDNA";"AssID00";"Esoluc";"plate03";"mxpro";"qpcrrundate20210927 - Text Report Data";21;"FNE031";"3uL";"ATL";"add ATL as usual w heat incub";"56C";"4_hours";"1/1000";3;"FNE031";"#1700FF"
"245";53;"E8";"Unknown";13;0.1317;27.27;5687;0.997;-3.604;"qPCR0898";"NorskFiskeeDNA";"AssID00";"Esoluc";"plate03";"mxpro";"qpcrrundate20210927 - Text Report Data";21;"FNE031";"3uL";"ATL";"add ATL as usual w heat incub";"56C";"4_hours";"1/1000";3;"FNE031";"#1700FF"
"246";54;"E9";"Unknown";13;0.1317;27.26;5715;0.997;-3.604;"qPCR0898";"NorskFiskeeDNA";"AssID00";"Esoluc";"plate03";"mxpro";"qpcrrundate20210927 - Text Report Data";21;"FNE031";"3uL";"ATL";"add ATL as usual w heat incub";"56C";"4_hours";"1/1000";3;"FNE031";"#1700FF"
"247";55;"F4";"Unknown";14;0.1317;26.43;9722;0.997;-3.604;"qPCR0898";"NorskFiskeeDNA";"AssID00";"Esoluc";"plate03";"mxpro";"qpcrrundate20210927 - Text Report Data";14;"FNE032";"3uL";"ATL";"add ATL as usual w heat incub";"56C";"4_hours";"1/1000";3;"FNE032";"#3A00FF"
"248";56;"F5";"Unknown";14;0.1317;26.64;8531;0.997;-3.604;"qPCR0898";"NorskFiskeeDNA";"AssID00";"Esoluc";"plate03";"mxpro";"qpcrrundate20210927 - Text Report Data";14;"FNE032";"3uL";"ATL";"add ATL as usual w heat incub";"56C";"4_hours";"1/1000";3;"FNE032";"#3A00FF"
"249";57;"F6";"Unknown";14;0.1317;26.82;7578;0.997;-3.604;"qPCR0898";"NorskFiskeeDNA";"AssID00";"Esoluc";"plate03";"mxpro";"qpcrrundate20210927 - Text Report Data";14;"FNE032";"3uL";"ATL";"add ATL as usual w heat incub";"56C";"4_hours";"1/1000";3;"FNE032";"#3A00FF"
"250";58;"F7";"Unknown";14;0.1317;26.73;8015;0.997;-3.604;"qPCR0898";"NorskFiskeeDNA";"AssID00";"Esoluc";"plate03";"mxpro";"qpcrrundate20210927 - Text Report Data";22;"FNE032";"3uL";"ATL";"add ATL as usual w heat incub";"56C";"4_hours";"1/1000";3;"FNE032";"#3A00FF"
"251";59;"F8";"Unknown";14;0.1317;26.65;8458;0.997;-3.604;"qPCR0898";"NorskFiskeeDNA";"AssID00";"Esoluc";"plate03";"mxpro";"qpcrrundate20210927 - Text Report Data";22;"FNE032";"3uL";"ATL";"add ATL as usual w heat incub";"56C";"4_hours";"1/1000";3;"FNE032";"#3A00FF"
"252";60;"F9";"Unknown";14;0.1317;26.58;8862;0.997;-3.604;"qPCR0898";"NorskFiskeeDNA";"AssID00";"Esoluc";"plate03";"mxpro";"qpcrrundate20210927 - Text Report Data";22;"FNE032";"3uL";"ATL";"add ATL as usual w heat incub";"56C";"4_hours";"1/1000";3;"FNE032";"#3A00FF"
"253";61;"G4";"Unknown";15;0.1317;26.76;7882;0.997;-3.604;"qPCR0898";"NorskFiskeeDNA";"AssID00";"Esoluc";"plate03";"mxpro";"qpcrrundate20210927 - Text Report Data";15;"FNE033";"3uL";"ATL";"add ATL no heat incub";"22C";"4_hours";"1/1000";3;"FNE033";"#5D00FF"
"254";62;"G5";"Unknown";15;0.1317;26.76;7885;0.997;-3.604;"qPCR0898";"NorskFiskeeDNA";"AssID00";"Esoluc";"plate03";"mxpro";"qpcrrundate20210927 - Text Report Data";15;"FNE033";"3uL";"ATL";"add ATL no heat incub";"22C";"4_hours";"1/1000";3;"FNE033";"#5D00FF"
"255";63;"G6";"Unknown";15;0.1317;26.98;6850;0.997;-3.604;"qPCR0898";"NorskFiskeeDNA";"AssID00";"Esoluc";"plate03";"mxpro";"qpcrrundate20210927 - Text Report Data";15;"FNE033";"3uL";"ATL";"add ATL no heat incub";"22C";"4_hours";"1/1000";3;"FNE033";"#5D00FF"
"256";64;"G7";"Unknown";15;0.1317;26.93;7078;0.997;-3.604;"qPCR0898";"NorskFiskeeDNA";"AssID00";"Esoluc";"plate03";"mxpro";"qpcrrundate20210927 - Text Report Data";23;"FNE033";"3uL";"ATL";"add ATL no heat incub";"22C";"4_hours";"1/1000";3;"FNE033";"#5D00FF"
"257";65;"G8";"Unknown";15;0.1317;26.99;6784;0.997;-3.604;"qPCR0898";"NorskFiskeeDNA";"AssID00";"Esoluc";"plate03";"mxpro";"qpcrrundate20210927 - Text Report Data";23;"FNE033";"3uL";"ATL";"add ATL no heat incub";"22C";"4_hours";"1/1000";3;"FNE033";"#5D00FF"
"258";66;"G9";"Unknown";15;0.1317;26.99;6787;0.997;-3.604;"qPCR0898";"NorskFiskeeDNA";"AssID00";"Esoluc";"plate03";"mxpro";"qpcrrundate20210927 - Text Report Data";23;"FNE033";"3uL";"ATL";"add ATL no heat incub";"22C";"4_hours";"1/1000";3;"FNE033";"#5D00FF"
"259";67;"H4";"Unknown";16;0.1317;26.62;8608;0.997;-3.604;"qPCR0898";"NorskFiskeeDNA";"AssID00";"Esoluc";"plate03";"mxpro";"qpcrrundate20210927 - Text Report Data";16;"FNE034";"3uL";"ATL";"add ATL no heat incub";"22C";"4_hours";"1/1000";3;"FNE034";"#8000FF"
"260";68;"H5";"Unknown";16;0.1317;26.61;8675;0.997;-3.604;"qPCR0898";"NorskFiskeeDNA";"AssID00";"Esoluc";"plate03";"mxpro";"qpcrrundate20210927 - Text Report Data";16;"FNE034";"3uL";"ATL";"add ATL no heat incub";"22C";"4_hours";"1/1000";3;"FNE034";"#8000FF"
"261";69;"H6";"Unknown";16;0.1317;26.64;8523;0.997;-3.604;"qPCR0898";"NorskFiskeeDNA";"AssID00";"Esoluc";"plate03";"mxpro";"qpcrrundate20210927 - Text Report Data";16;"FNE034";"3uL";"ATL";"add ATL no heat incub";"22C";"4_hours";"1/1000";3;"FNE034";"#8000FF"
"262";70;"H7";"Unknown";16;0.1317;26.59;8788;0.997;-3.604;"qPCR0898";"NorskFiskeeDNA";"AssID00";"Esoluc";"plate03";"mxpro";"qpcrrundate20210927 - Text Report Data";24;"FNE034";"3uL";"ATL";"add ATL no heat incub";"22C";"4_hours";"1/1000";3;"FNE034";"#8000FF"
"263";71;"H8";"Unknown";16;0.1317;26.63;8576;0.997;-3.604;"qPCR0898";"NorskFiskeeDNA";"AssID00";"Esoluc";"plate03";"mxpro";"qpcrrundate20210927 - Text Report Data";24;"FNE034";"3uL";"ATL";"add ATL no heat incub";"22C";"4_hours";"1/1000";3;"FNE034";"#8000FF"
"264";72;"H9";"Unknown";16;0.1317;26.73;8019;0.997;-3.604;"qPCR0898";"NorskFiskeeDNA";"AssID00";"Esoluc";"plate03";"mxpro";"qpcrrundate20210927 - Text Report Data";24;"FNE034";"3uL";"ATL";"add ATL no heat incub";"22C";"4_hours";"1/1000";3;"FNE034";"#8000FF"
"265";73;"A10";"Unknown";17;0.1317;26.11;11950;0.997;-3.604;"qPCR0898";"NorskFiskeeDNA";"AssID00";"Esoluc";"plate03";"mxpro";"qpcrrundate20210927 - Text Report Data";17;"FNE035";"3uL";"ATL";"add ATL no heat incub";"22C";"4_hours";"1/1000";3;"FNE035";"#A200FF"
"266";74;"A11";"Unknown";17;0.1317;25.9;13620;0.997;-3.604;"qPCR0898";"NorskFiskeeDNA";"AssID00";"Esoluc";"plate03";"mxpro";"qpcrrundate20210927 - Text Report Data";17;"FNE035";"3uL";"ATL";"add ATL no heat incub";"22C";"4_hours";"1/1000";3;"FNE035";"#A200FF"
"267";75;"A12";"Unknown";17;0.1317;26.57;8906;0.997;-3.604;"qPCR0898";"NorskFiskeeDNA";"AssID00";"Esoluc";"plate03";"mxpro";"qpcrrundate20210927 - Text Report Data";17;"FNE035";"3uL";"ATL";"add ATL no heat incub";"22C";"4_hours";"1/1000";3;"FNE035";"#A200FF"
"268";76;"B10";"Unknown";18;0.1317;NA;NA;0.997;-3.604;"qPCR0898";"NorskFiskeeDNA";"AssID00";"Esoluc";"plate03";"mxpro";"qpcrrundate20210927 - Text Report Data";18;"FNE036";"3uL";"0.5 RNA";"1.0 mL RNAgem";"75C";"15_minutes";"1/1000";3;"FNE036";"#C500FF"
"269";77;"B11";"Unknown";18;0.1317;NA;NA;0.997;-3.604;"qPCR0898";"NorskFiskeeDNA";"AssID00";"Esoluc";"plate03";"mxpro";"qpcrrundate20210927 - Text Report Data";18;"FNE036";"3uL";"0.5 RNA";"1.0 mL RNAgem";"75C";"15_minutes";"1/1000";3;"FNE036";"#C500FF"
"270";78;"B12";"Unknown";18;0.1317;NA;NA;0.997;-3.604;"qPCR0898";"NorskFiskeeDNA";"AssID00";"Esoluc";"plate03";"mxpro";"qpcrrundate20210927 - Text Report Data";18;"FNE036";"3uL";"0.5 RNA";"1.0 mL RNAgem";"75C";"15_minutes";"1/1000";3;"FNE036";"#C500FF"
"271";79;"C10";"Unknown";19;0.1317;NA;NA;0.997;-3.604;"qPCR0898";"NorskFiskeeDNA";"AssID00";"Esoluc";"plate03";"mxpro";"qpcrrundate20210927 - Text Report Data";19;"FNE037";"3uL";"0.5 RNA";"1.0 mL RNAgem";"75C";"15_minutes";"1/1000";3;"FNE037";"#E800FF"
"272";80;"C11";"Unknown";19;0.1317;NA;NA;0.997;-3.604;"qPCR0898";"NorskFiskeeDNA";"AssID00";"Esoluc";"plate03";"mxpro";"qpcrrundate20210927 - Text Report Data";19;"FNE037";"3uL";"0.5 RNA";"1.0 mL RNAgem";"75C";"15_minutes";"1/1000";3;"FNE037";"#E800FF"
"273";81;"C12";"Unknown";19;0.1317;NA;NA;0.997;-3.604;"qPCR0898";"NorskFiskeeDNA";"AssID00";"Esoluc";"plate03";"mxpro";"qpcrrundate20210927 - Text Report Data";19;"FNE037";"3uL";"0.5 RNA";"1.0 mL RNAgem";"75C";"15_minutes";"1/1000";3;"FNE037";"#E800FF"
"274";82;"D10";"Unknown";20;0.1317;NA;NA;0.997;-3.604;"qPCR0898";"NorskFiskeeDNA";"AssID00";"Esoluc";"plate03";"mxpro";"qpcrrundate20210927 - Text Report Data";20;"FNE038";"3uL";"0.5 RNA";"1.0 mL RNAgem";"75C";"15_minutes";"1/1000";3;"FNE038";"#FF00F3"
"275";83;"D11";"Unknown";20;0.1317;NA;NA;0.997;-3.604;"qPCR0898";"NorskFiskeeDNA";"AssID00";"Esoluc";"plate03";"mxpro";"qpcrrundate20210927 - Text Report Data";20;"FNE038";"3uL";"0.5 RNA";"1.0 mL RNAgem";"75C";"15_minutes";"1/1000";3;"FNE038";"#FF00F3"
"276";84;"D12";"Unknown";20;0.1317;NA;NA;0.997;-3.604;"qPCR0898";"NorskFiskeeDNA";"AssID00";"Esoluc";"plate03";"mxpro";"qpcrrundate20210927 - Text Report Data";20;"FNE038";"3uL";"0.5 RNA";"1.0 mL RNAgem";"75C";"15_minutes";"1/1000";3;"FNE038";"#FF00F3"
"277";85;"E10";"Unknown";21;0.1317;NA;NA;0.997;-3.604;"qPCR0898";"NorskFiskeeDNA";"AssID00";"Esoluc";"plate03";"mxpro";"qpcrrundate20210927 - Text Report Data";21;"FNE039";"3uL";"1.0 RNA";"0.5 mL RNAgem";"75C";"15_minutes";"1/1000";3;"FNE039";"#FF00D1"
"278";86;"E11";"Unknown";21;0.1317;NA;NA;0.997;-3.604;"qPCR0898";"NorskFiskeeDNA";"AssID00";"Esoluc";"plate03";"mxpro";"qpcrrundate20210927 - Text Report Data";21;"FNE039";"3uL";"1.0 RNA";"0.5 mL RNAgem";"75C";"15_minutes";"1/1000";3;"FNE039";"#FF00D1"
"279";87;"E12";"Unknown";21;0.1317;NA;NA;0.997;-3.604;"qPCR0898";"NorskFiskeeDNA";"AssID00";"Esoluc";"plate03";"mxpro";"qpcrrundate20210927 - Text Report Data";21;"FNE039";"3uL";"1.0 RNA";"0.5 mL RNAgem";"75C";"15_minutes";"1/1000";3;"FNE039";"#FF00D1"
"280";88;"F10";"Unknown";22;0.1317;NA;NA;0.997;-3.604;"qPCR0898";"NorskFiskeeDNA";"AssID00";"Esoluc";"plate03";"mxpro";"qpcrrundate20210927 - Text Report Data";22;"FNE040";"3uL";"1.0 RNA";"0.5 mL RNAgem";"75C";"15_minutes";"1/1000";3;"FNE040";"#FF00AE"
"281";89;"F11";"Unknown";22;0.1317;NA;NA;0.997;-3.604;"qPCR0898";"NorskFiskeeDNA";"AssID00";"Esoluc";"plate03";"mxpro";"qpcrrundate20210927 - Text Report Data";22;"FNE040";"3uL";"1.0 RNA";"0.5 mL RNAgem";"75C";"15_minutes";"1/1000";3;"FNE040";"#FF00AE"
"282";90;"F12";"Unknown";22;0.1317;NA;NA;0.997;-3.604;"qPCR0898";"NorskFiskeeDNA";"AssID00";"Esoluc";"plate03";"mxpro";"qpcrrundate20210927 - Text Report Data";22;"FNE040";"3uL";"1.0 RNA";"0.5 mL RNAgem";"75C";"15_minutes";"1/1000";3;"FNE040";"#FF00AE"
"283";91;"G10";"Unknown";23;0.1317;NA;NA;0.997;-3.604;"qPCR0898";"NorskFiskeeDNA";"AssID00";"Esoluc";"plate03";"mxpro";"qpcrrundate20210927 - Text Report Data";23;"FNE041";"3uL";"1.0 RNA";"0.5 mL RNAgem";"75C";"15_minutes";"1/1000";3;"FNE041";"#FF008B"
"284";92;"G11";"Unknown";23;0.1317;NA;NA;0.997;-3.604;"qPCR0898";"NorskFiskeeDNA";"AssID00";"Esoluc";"plate03";"mxpro";"qpcrrundate20210927 - Text Report Data";23;"FNE041";"3uL";"1.0 RNA";"0.5 mL RNAgem";"75C";"15_minutes";"1/1000";3;"FNE041";"#FF008B"
"285";93;"G12";"Unknown";23;0.1317;NA;NA;0.997;-3.604;"qPCR0898";"NorskFiskeeDNA";"AssID00";"Esoluc";"plate03";"mxpro";"qpcrrundate20210927 - Text Report Data";23;"FNE041";"3uL";"1.0 RNA";"0.5 mL RNAgem";"75C";"15_minutes";"1/1000";3;"FNE041";"#FF008B"
"286";94;"H10";"Unknown";24;0.1317;NA;NA;0.997;-3.604;"qPCR0898";"NorskFiskeeDNA";"AssID00";"Esoluc";"plate03";"mxpro";"qpcrrundate20210927 - Text Report Data";24;"NEK";"3uL";NA;NA;NA;NA;NA;3;"NEK";"#FF0068"
"287";95;"H11";"Unknown";24;0.1317;NA;NA;0.997;-3.604;"qPCR0898";"NorskFiskeeDNA";"AssID00";"Esoluc";"plate03";"mxpro";"qpcrrundate20210927 - Text Report Data";24;"NEK";"3uL";NA;NA;NA;NA;NA;3;"NEK";"#FF0068"
"288";96;"H12";"Unknown";24;0.1317;NA;NA;0.997;-3.604;"qPCR0898";"NorskFiskeeDNA";"AssID00";"Esoluc";"plate03";"mxpro";"qpcrrundate20210927 - Text Report Data";24;"NEK";"3uL";NA;NA;NA;NA;NA;3;"NEK";"#FF0068"
"289";1;"A1";"Standard";1;0.0599;23.05;30000;0.987;-3.557;"qPCR0900";"NorskFiskeeDNA";"AssID00";"Esoluc";"plate04";"mxpro";"qpcrrundate20210929 - Text Report Data";1;"3E4";"3uL";NA;NA;NA;NA;NA;3;"Standard";"#FF0000"
"290";2;"A2";"Standard";1;0.0599;23.12;30000;0.987;-3.557;"qPCR0900";"NorskFiskeeDNA";"AssID00";"Esoluc";"plate04";"mxpro";"qpcrrundate20210929 - Text Report Data";1;"3E4";"3uL";NA;NA;NA;NA;NA;3;"Standard";"#FF0000"
"291";3;"A3";"Standard";1;0.0599;22.49;30000;0.987;-3.557;"qPCR0900";"NorskFiskeeDNA";"AssID00";"Esoluc";"plate04";"mxpro";"qpcrrundate20210929 - Text Report Data";1;"3E4";"3uL";NA;NA;NA;NA;NA;3;"Standard";"#FF0000"
"292";4;"B1";"Standard";2;0.0599;26.49;3000;0.987;-3.557;"qPCR0900";"NorskFiskeeDNA";"AssID00";"Esoluc";"plate04";"mxpro";"qpcrrundate20210929 - Text Report Data";2;"3E3";"3uL";NA;NA;NA;NA;NA;3;"Standard";"#FF0000"
"293";5;"B2";"Standard";2;0.0599;26.27;3000;0.987;-3.557;"qPCR0900";"NorskFiskeeDNA";"AssID00";"Esoluc";"plate04";"mxpro";"qpcrrundate20210929 - Text Report Data";2;"3E3";"3uL";NA;NA;NA;NA;NA;3;"Standard";"#FF0000"
"294";6;"B3";"Standard";2;0.0599;26.22;3000;0.987;-3.557;"qPCR0900";"NorskFiskeeDNA";"AssID00";"Esoluc";"plate04";"mxpro";"qpcrrundate20210929 - Text Report Data";2;"3E3";"3uL";NA;NA;NA;NA;NA;3;"Standard";"#FF0000"
"295";7;"C1";"Standard";3;0.0599;29.87;300;0.987;-3.557;"qPCR0900";"NorskFiskeeDNA";"AssID00";"Esoluc";"plate04";"mxpro";"qpcrrundate20210929 - Text Report Data";3;"3E2";"3uL";NA;NA;NA;NA;NA;3;"Standard";"#FF0000"
"296";8;"C2";"Standard";3;0.0599;29.75;300;0.987;-3.557;"qPCR0900";"NorskFiskeeDNA";"AssID00";"Esoluc";"plate04";"mxpro";"qpcrrundate20210929 - Text Report Data";3;"3E2";"3uL";NA;NA;NA;NA;NA;3;"Standard";"#FF0000"
"297";9;"C3";"Standard";3;0.0599;29.85;300;0.987;-3.557;"qPCR0900";"NorskFiskeeDNA";"AssID00";"Esoluc";"plate04";"mxpro";"qpcrrundate20210929 - Text Report Data";3;"3E2";"3uL";NA;NA;NA;NA;NA;3;"Standard";"#FF0000"
"298";10;"D1";"Standard";4;0.0599;33.33;30;0.987;-3.557;"qPCR0900";"NorskFiskeeDNA";"AssID00";"Esoluc";"plate04";"mxpro";"qpcrrundate20210929 - Text Report Data";4;"3E1";"3uL";NA;NA;NA;NA;NA;3;"Standard";"#FF0000"
"299";11;"D2";"Standard";4;0.0599;33.17;30;0.987;-3.557;"qPCR0900";"NorskFiskeeDNA";"AssID00";"Esoluc";"plate04";"mxpro";"qpcrrundate20210929 - Text Report Data";4;"3E1";"3uL";NA;NA;NA;NA;NA;3;"Standard";"#FF0000"
"300";12;"D3";"Standard";4;0.0599;33.49;30;0.987;-3.557;"qPCR0900";"NorskFiskeeDNA";"AssID00";"Esoluc";"plate04";"mxpro";"qpcrrundate20210929 - Text Report Data";4;"3E1";"3uL";NA;NA;NA;NA;NA;3;"Standard";"#FF0000"
"301";13;"E1";"Standard";5;0.0599;38.87;3;0.987;-3.557;"qPCR0900";"NorskFiskeeDNA";"AssID00";"Esoluc";"plate04";"mxpro";"qpcrrundate20210929 - Text Report Data";5;"3E0";"3uL";NA;NA;NA;NA;NA;3;"Standard";"#FF0000"
"302";14;"E2";"Standard";5;0.0599;35.99;3;0.987;-3.557;"qPCR0900";"NorskFiskeeDNA";"AssID00";"Esoluc";"plate04";"mxpro";"qpcrrundate20210929 - Text Report Data";5;"3E0";"3uL";NA;NA;NA;NA;NA;3;"Standard";"#FF0000"
"303";15;"E3";"Standard";5;0.0599;36.64;3;0.987;-3.557;"qPCR0900";"NorskFiskeeDNA";"AssID00";"Esoluc";"plate04";"mxpro";"qpcrrundate20210929 - Text Report Data";5;"3E0";"3uL";NA;NA;NA;NA;NA;3;"Standard";"#FF0000"
"304";16;"F1";"Standard";6;0.0599;NA;NA;0.987;-3.557;"qPCR0900";"NorskFiskeeDNA";"AssID00";"Esoluc";"plate04";"mxpro";"qpcrrundate20210929 - Text Report Data";6;"3E-1";"3uL";NA;NA;NA;NA;NA;3;"Standard";"#FF0000"
"305";17;"F2";"Standard";6;0.0599;NA;NA;0.987;-3.557;"qPCR0900";"NorskFiskeeDNA";"AssID00";"Esoluc";"plate04";"mxpro";"qpcrrundate20210929 - Text Report Data";6;"3E-1";"3uL";NA;NA;NA;NA;NA;3;"Standard";"#FF0000"
"306";18;"F3";"Standard";6;0.0599;NA;NA;0.987;-3.557;"qPCR0900";"NorskFiskeeDNA";"AssID00";"Esoluc";"plate04";"mxpro";"qpcrrundate20210929 - Text Report Data";6;"3E-1";"3uL";NA;NA;NA;NA;NA;3;"Standard";"#FF0000"
"307";19;"G1";"Standard";7;0.0599;NA;NA;0.987;-3.557;"qPCR0900";"NorskFiskeeDNA";"AssID00";"Esoluc";"plate04";"mxpro";"qpcrrundate20210929 - Text Report Data";7;"3E-2";"3uL";NA;NA;NA;NA;NA;3;"Standard";"#FF0000"
"308";20;"G2";"Standard";7;0.0599;NA;NA;0.987;-3.557;"qPCR0900";"NorskFiskeeDNA";"AssID00";"Esoluc";"plate04";"mxpro";"qpcrrundate20210929 - Text Report Data";7;"3E-2";"3uL";NA;NA;NA;NA;NA;3;"Standard";"#FF0000"
"309";21;"G3";"Standard";7;0.0599;NA;NA;0.987;-3.557;"qPCR0900";"NorskFiskeeDNA";"AssID00";"Esoluc";"plate04";"mxpro";"qpcrrundate20210929 - Text Report Data";7;"3E-2";"3uL";NA;NA;NA;NA;NA;3;"Standard";"#FF0000"
"310";22;"H1";"NTC";8;0.0599;NA;NA;0.987;-3.557;"qPCR0900";"NorskFiskeeDNA";"AssID00";"Esoluc";"plate04";"mxpro";"qpcrrundate20210929 - Text Report Data";8;"NTC";"3uL";NA;NA;NA;NA;NA;3;"NTC";"#FF2300"
"311";23;"H2";"NTC";8;0.0599;NA;NA;0.987;-3.557;"qPCR0900";"NorskFiskeeDNA";"AssID00";"Esoluc";"plate04";"mxpro";"qpcrrundate20210929 - Text Report Data";8;"NTC";"3uL";NA;NA;NA;NA;NA;3;"NTC";"#FF2300"
"312";24;"H3";"NTC";8;0.0599;NA;NA;0.987;-3.557;"qPCR0900";"NorskFiskeeDNA";"AssID00";"Esoluc";"plate04";"mxpro";"qpcrrundate20210929 - Text Report Data";8;"NTC";"3uL";NA;NA;NA;NA;NA;3;"NTC";"#FF2300"
"313";25;"A4";"Unknown";9;0.0599;25.19;6348;0.987;-3.557;"qPCR0900";"NorskFiskeeDNA";"AssID00";"Esoluc";"plate04";"mxpro";"qpcrrundate20210929 - Text Report Data";9;"FNE035";"3uL";"ATL";"add ATL no heat incub";"22C";"4_hours";"1/1000";3;"FNE035";"#A200FF"
"314";26;"A5";"Unknown";9;0.0599;25.62;4820;0.987;-3.557;"qPCR0900";"NorskFiskeeDNA";"AssID00";"Esoluc";"plate04";"mxpro";"qpcrrundate20210929 - Text Report Data";9;"FNE035";"3uL";"ATL";"add ATL no heat incub";"22C";"4_hours";"1/1000";3;"FNE035";"#A200FF"
"315";27;"A6";"Unknown";9;0.0599;25.31;5890;0.987;-3.557;"qPCR0900";"NorskFiskeeDNA";"AssID00";"Esoluc";"plate04";"mxpro";"qpcrrundate20210929 - Text Report Data";9;"FNE035";"3uL";"ATL";"add ATL no heat incub";"22C";"4_hours";"1/1000";3;"FNE035";"#A200FF"
"316";28;"B4";"Unknown";10;0.0599;NA;NA;0.987;-3.557;"qPCR0900";"NorskFiskeeDNA";"AssID00";"Esoluc";"plate04";"mxpro";"qpcrrundate20210929 - Text Report Data";10;"FNE036";"3uL";"0.5 RNA";"1.0 mL RNAgem";"75C";"15_minutes";"1/1000";3;"FNE036";"#C500FF"
"317";29;"B5";"Unknown";10;0.0599;NA;NA;0.987;-3.557;"qPCR0900";"NorskFiskeeDNA";"AssID00";"Esoluc";"plate04";"mxpro";"qpcrrundate20210929 - Text Report Data";10;"FNE036";"3uL";"0.5 RNA";"1.0 mL RNAgem";"75C";"15_minutes";"1/1000";3;"FNE036";"#C500FF"
"318";30;"B6";"Unknown";10;0.0599;NA;NA;0.987;-3.557;"qPCR0900";"NorskFiskeeDNA";"AssID00";"Esoluc";"plate04";"mxpro";"qpcrrundate20210929 - Text Report Data";10;"FNE036";"3uL";"0.5 RNA";"1.0 mL RNAgem";"75C";"15_minutes";"1/1000";3;"FNE036";"#C500FF"
"319";31;"C4";"Unknown";11;0.0599;NA;NA;0.987;-3.557;"qPCR0900";"NorskFiskeeDNA";"AssID00";"Esoluc";"plate04";"mxpro";"qpcrrundate20210929 - Text Report Data";11;"FNE037";"3uL";"0.5 RNA";"1.0 mL RNAgem";"75C";"15_minutes";"1/1000";3;"FNE037";"#E800FF"
"320";32;"C5";"Unknown";11;0.0599;NA;NA;0.987;-3.557;"qPCR0900";"NorskFiskeeDNA";"AssID00";"Esoluc";"plate04";"mxpro";"qpcrrundate20210929 - Text Report Data";11;"FNE037";"3uL";"0.5 RNA";"1.0 mL RNAgem";"75C";"15_minutes";"1/1000";3;"FNE037";"#E800FF"
"321";33;"C6";"Unknown";11;0.0599;NA;NA;0.987;-3.557;"qPCR0900";"NorskFiskeeDNA";"AssID00";"Esoluc";"plate04";"mxpro";"qpcrrundate20210929 - Text Report Data";11;"FNE037";"3uL";"0.5 RNA";"1.0 mL RNAgem";"75C";"15_minutes";"1/1000";3;"FNE037";"#E800FF"
"322";34;"D4";"Unknown";12;0.0599;38.51;1.15;0.987;-3.557;"qPCR0900";"NorskFiskeeDNA";"AssID00";"Esoluc";"plate04";"mxpro";"qpcrrundate20210929 - Text Report Data";12;"FNE038";"3uL";"0.5 RNA";"1.0 mL RNAgem";"75C";"15_minutes";"1/1000";3;"FNE038";"#FF00F3"
"323";35;"D5";"Unknown";12;0.0599;NA;NA;0.987;-3.557;"qPCR0900";"NorskFiskeeDNA";"AssID00";"Esoluc";"plate04";"mxpro";"qpcrrundate20210929 - Text Report Data";12;"FNE038";"3uL";"0.5 RNA";"1.0 mL RNAgem";"75C";"15_minutes";"1/1000";3;"FNE038";"#FF00F3"
"324";36;"D6";"Unknown";12;0.0599;NA;NA;0.987;-3.557;"qPCR0900";"NorskFiskeeDNA";"AssID00";"Esoluc";"plate04";"mxpro";"qpcrrundate20210929 - Text Report Data";12;"FNE038";"3uL";"0.5 RNA";"1.0 mL RNAgem";"75C";"15_minutes";"1/1000";3;"FNE038";"#FF00F3"
"325";37;"E4";"Unknown";13;0.0599;NA;NA;0.987;-3.557;"qPCR0900";"NorskFiskeeDNA";"AssID00";"Esoluc";"plate04";"mxpro";"qpcrrundate20210929 - Text Report Data";13;"FNE039";"3uL";"1.0 RNA";"0.5 mL RNAgem";"75C";"15_minutes";"1/1000";3;"FNE039";"#FF00D1"
"326";38;"E5";"Unknown";13;0.0599;NA;NA;0.987;-3.557;"qPCR0900";"NorskFiskeeDNA";"AssID00";"Esoluc";"plate04";"mxpro";"qpcrrundate20210929 - Text Report Data";13;"FNE039";"3uL";"1.0 RNA";"0.5 mL RNAgem";"75C";"15_minutes";"1/1000";3;"FNE039";"#FF00D1"
"327";39;"E6";"Unknown";13;0.0599;NA;NA;0.987;-3.557;"qPCR0900";"NorskFiskeeDNA";"AssID00";"Esoluc";"plate04";"mxpro";"qpcrrundate20210929 - Text Report Data";13;"FNE039";"3uL";"1.0 RNA";"0.5 mL RNAgem";"75C";"15_minutes";"1/1000";3;"FNE039";"#FF00D1"
"328";40;"F4";"Unknown";14;0.0599;NA;NA;0.987;-3.557;"qPCR0900";"NorskFiskeeDNA";"AssID00";"Esoluc";"plate04";"mxpro";"qpcrrundate20210929 - Text Report Data";14;"FNE040";"3uL";"1.0 RNA";"0.5 mL RNAgem";"75C";"15_minutes";"1/1000";3;"FNE040";"#FF00AE"
"329";41;"F5";"Unknown";14;0.0599;NA;NA;0.987;-3.557;"qPCR0900";"NorskFiskeeDNA";"AssID00";"Esoluc";"plate04";"mxpro";"qpcrrundate20210929 - Text Report Data";14;"FNE040";"3uL";"1.0 RNA";"0.5 mL RNAgem";"75C";"15_minutes";"1/1000";3;"FNE040";"#FF00AE"
"330";42;"F6";"Unknown";14;0.0599;NA;NA;0.987;-3.557;"qPCR0900";"NorskFiskeeDNA";"AssID00";"Esoluc";"plate04";"mxpro";"qpcrrundate20210929 - Text Report Data";14;"FNE040";"3uL";"1.0 RNA";"0.5 mL RNAgem";"75C";"15_minutes";"1/1000";3;"FNE040";"#FF00AE"
"331";43;"G4";"Unknown";15;0.0599;NA;NA;0.987;-3.557;"qPCR0900";"NorskFiskeeDNA";"AssID00";"Esoluc";"plate04";"mxpro";"qpcrrundate20210929 - Text Report Data";15;"FNE041";"3uL";"1.0 RNA";"0.5 mL RNAgem";"75C";"15_minutes";"1/1000";3;"FNE041";"#FF008B"
"332";44;"G5";"Unknown";15;0.0599;NA;NA;0.987;-3.557;"qPCR0900";"NorskFiskeeDNA";"AssID00";"Esoluc";"plate04";"mxpro";"qpcrrundate20210929 - Text Report Data";15;"FNE041";"3uL";"1.0 RNA";"0.5 mL RNAgem";"75C";"15_minutes";"1/1000";3;"FNE041";"#FF008B"
"333";45;"G6";"Unknown";15;0.0599;NA;NA;0.987;-3.557;"qPCR0900";"NorskFiskeeDNA";"AssID00";"Esoluc";"plate04";"mxpro";"qpcrrundate20210929 - Text Report Data";15;"FNE041";"3uL";"1.0 RNA";"0.5 mL RNAgem";"75C";"15_minutes";"1/1000";3;"FNE041";"#FF008B"
"334";46;"H4";"Unknown";16;0.0599;NA;NA;0.987;-3.557;"qPCR0900";"NorskFiskeeDNA";"AssID00";"Esoluc";"plate04";"mxpro";"qpcrrundate20210929 - Text Report Data";16;"NEK";"3uL";NA;NA;NA;NA;NA;3;"NEK";"#FF0068"
"335";47;"H5";"Unknown";16;0.0599;NA;NA;0.987;-3.557;"qPCR0900";"NorskFiskeeDNA";"AssID00";"Esoluc";"plate04";"mxpro";"qpcrrundate20210929 - Text Report Data";16;"NEK";"3uL";NA;NA;NA;NA;NA;3;"NEK";"#FF0068"
"336";48;"H6";"Unknown";16;0.0599;NA;NA;0.987;-3.557;"qPCR0900";"NorskFiskeeDNA";"AssID00";"Esoluc";"plate04";"mxpro";"qpcrrundate20210929 - Text Report Data";16;"NEK";"3uL";NA;NA;NA;NA;NA;3;"NEK";"#FF0068"
"337";49;"A7";"Unknown";17;0.0599;37.14;2.78;0.987;-3.557;"qPCR0900";"NorskFiskeeDNA";"AssID00";"Esoluc";"plate04";"mxpro";"qpcrrundate20210929 - Text Report Data";17;"FNE013.02";"3uL";"1.0 RNA";"0.5 mL RNAgem";"75C";"15_minutes";"Boette - konsentrat";3;"FNE013.02";"#FF0046"
"338";50;"A8";"Unknown";17;0.0599;37.15;2.76;0.987;-3.557;"qPCR0900";"NorskFiskeeDNA";"AssID00";"Esoluc";"plate04";"mxpro";"qpcrrundate20210929 - Text Report Data";17;"FNE013.02";"3uL";"1.0 RNA";"0.5 mL RNAgem";"75C";"15_minutes";"Boette - konsentrat";3;"FNE013.02";"#FF0046"
"339";51;"A9";"Unknown";17;0.0599;35.73;6.92;0.987;-3.557;"qPCR0900";"NorskFiskeeDNA";"AssID00";"Esoluc";"plate04";"mxpro";"qpcrrundate20210929 - Text Report Data";17;"FNE013.02";"3uL";"1.0 RNA";"0.5 mL RNAgem";"75C";"15_minutes";"Boette - konsentrat";3;"FNE013.02";"#FF0046"
"340";52;"A10";"Unknown";17;0.0599;36.8;3.45;0.987;-3.557;"qPCR0900";"NorskFiskeeDNA";"AssID00";"Esoluc";"plate04";"mxpro";"qpcrrundate20210929 - Text Report Data";17;"FNE013.02";"3uL";"1.0 RNA";"0.5 mL RNAgem";"75C";"15_minutes";"Boette - konsentrat";3;"FNE013.02";"#FF0046"
"341";53;"A11";"Unknown";17;0.0599;NA;NA;0.987;-3.557;"qPCR0900";"NorskFiskeeDNA";"AssID00";"Esoluc";"plate04";"mxpro";"qpcrrundate20210929 - Text Report Data";17;"FNE013.02";"3uL";"1.0 RNA";"0.5 mL RNAgem";"75C";"15_minutes";"Boette - konsentrat";3;"FNE013.02";"#FF0046"
"342";54;"A12";"Unknown";17;0.0599;NA;NA;0.987;-3.557;"qPCR0900";"NorskFiskeeDNA";"AssID00";"Esoluc";"plate04";"mxpro";"qpcrrundate20210929 - Text Report Data";17;"FNE013.02";"3uL";"1.0 RNA";"0.5 mL RNAgem";"75C";"15_minutes";"Boette - konsentrat";3;"FNE013.02";"#FF0046"
"343";55;"B7";"Unknown";18;0.0599;34.93;11.63;0.987;-3.557;"qPCR0900";"NorskFiskeeDNA";"AssID00";"Esoluc";"plate04";"mxpro";"qpcrrundate20210929 - Text Report Data";18;"FNE014.02";"3uL";"1.0 RNA";"0.5 mL RNAgem";"75C";"15_minutes";"Boette - konsentrat";3;"FNE014.02";"#FF0023"
"344";56;"B8";"Unknown";18;0.0599;NA;NA;0.987;-3.557;"qPCR0900";"NorskFiskeeDNA";"AssID00";"Esoluc";"plate04";"mxpro";"qpcrrundate20210929 - Text Report Data";18;"FNE014.02";"3uL";"1.0 RNA";"0.5 mL RNAgem";"75C";"15_minutes";"Boette - konsentrat";3;"FNE014.02";"#FF0023"
"345";57;"B9";"Unknown";18;0.0599;39.95;0.4501;0.987;-3.557;"qPCR0900";"NorskFiskeeDNA";"AssID00";"Esoluc";"plate04";"mxpro";"qpcrrundate20210929 - Text Report Data";18;"FNE014.02";"3uL";"1.0 RNA";"0.5 mL RNAgem";"75C";"15_minutes";"Boette - konsentrat";3;"FNE014.02";"#FF0023"
"346";58;"B10";"Unknown";18;0.0599;37.62;2.04;0.987;-3.557;"qPCR0900";"NorskFiskeeDNA";"AssID00";"Esoluc";"plate04";"mxpro";"qpcrrundate20210929 - Text Report Data";18;"FNE014.02";"3uL";"1.0 RNA";"0.5 mL RNAgem";"75C";"15_minutes";"Boette - konsentrat";3;"FNE014.02";"#FF0023"
"347";59;"B11";"Unknown";18;0.0599;NA;NA;0.987;-3.557;"qPCR0900";"NorskFiskeeDNA";"AssID00";"Esoluc";"plate04";"mxpro";"qpcrrundate20210929 - Text Report Data";18;"FNE014.02";"3uL";"1.0 RNA";"0.5 mL RNAgem";"75C";"15_minutes";"Boette - konsentrat";3;"FNE014.02";"#FF0023"
"348";60;"B12";"Unknown";18;0.0599;NA;NA;0.987;-3.557;"qPCR0900";"NorskFiskeeDNA";"AssID00";"Esoluc";"plate04";"mxpro";"qpcrrundate20210929 - Text Report Data";18;"FNE014.02";"3uL";"1.0 RNA";"0.5 mL RNAgem";"75C";"15_minutes";"Boette - konsentrat";3;"FNE014.02";"#FF0023"
